タスク大分類,タスク大分類説明,タスク中分類,タスク小分類,評価項目,評価項目説明,表示順,作成日,変更日,削除日,最終更新日,重複対象タスク中分類識別子,重複対象タスク小分類識別子,重複対象評価項目識別子,営農１年目,営農２年目,営農,農場長,営業,事務,総務,顧問,管理者
,,,,,,0,,,,,,,,PIC1,PIC2,PIC,FMMG,SLS,OW1,OW2,ADV,MG
露地野菜作＞共通,,育苗,播種,播種の一連の流れを把握する,,1,2024/4/8,2024/4/8,,,,,,◎,◎,◎,◎,,,,◎,◎
露地野菜作＞共通,,育苗,潅水,潅水を理解し適切な方法を行う,,2,2024/4/8,2024/4/8,,,,,,◎,◎,◎,◎,,,,◎,◎
露地野菜作＞共通,,育苗,追肥,追肥の理由を理解し適切な方法を行う,,3,2024/4/8,2024/4/8,,,,,,◎,◎,◎,◎,,,,◎,◎
露地野菜作＞共通,,育苗,防除,防除の理由を理解し適切な方法を行う,,4,2024/4/8,2024/4/8,,,,,,◎,◎,◎,◎,,,,◎,◎
露地野菜作＞共通,,育苗,試験（品種・培土）,試験の理由を理解し適切な方法を行う,,5,2024/4/8,2024/4/8,,,,,,◎,◎,◎,◎,,,,◎,◎
露地野菜作＞共通,,育苗,ハウス管理（温度）,外的要因を把握し適切な方法を行う,,6,2024/4/8,2024/4/8,,,,,,◎,◎,◎,◎,,,,◎,◎
露地野菜作＞共通,,育苗,慣らし,慣らしの理由を理解し適切な方法を行う,,7,2024/4/8,2024/4/8,,,,,,◎,◎,◎,◎,,,,◎,◎
露地野菜作＞共通,,耕耘,耕盤破砕,圃場状況を確認し、耕盤破砕を行うか判断する,圃場を見た際に耕盤破砕の必要有無を判断するための知識が求められる。,8,2024/4/8,2024/4/8,,,,,,◎,◎,◎,◎,,,,◎,◎
露地野菜作＞共通,,耕耘,耕盤破砕,サブソイラを操作する,サブソイラを操作するための知識及び技術が求められる。,9,2024/4/8,2024/4/8,,,,,,◎,◎,◎,◎,,,,◎,◎
露地野菜作＞共通,,耕耘,深耕反転,深耕反転を行う目的を理解する圃場状況を確認し、深耕反転を行うか判断する,圃場を見た際に深耕反転の必要有無を判断するための知識が求められる。,10,2024/4/8,2024/4/8,,,,,,◎,◎,◎,◎,,,,◎,◎
露地野菜作＞共通,,耕耘,深耕反転,プラウを目的に応じて操作する,プラウを操作するための知識及び技術が求められる。,11,2024/4/8,2024/4/8,,,,,,◎,◎,◎,◎,,,,◎,◎
露地野菜作＞共通,,耕耘,耕起,耕起を行う目的を理解する圃場状況を確認し、耕起を行うか判断する,圃場の形から耕起,12,2024/4/8,2024/4/8,,,,,,◎,◎,◎,◎,,,,◎,◎
露地野菜作＞共通,,耕耘,耕起,ロータリーを操作する,,,,,,,,,,,,,,,,,,
露地野菜作＞共通,,耕耘,耕起,ロータリー・ディスクハローを操作する,,13,2024/4/8,2024/4/8,,,,,,◎,◎,◎,◎,,,,◎,◎
露地野菜作＞共通,,耕耘,整地,整地を行う目的を理解する圃場状況を確認し、整地を行うか判断する,,14,2024/4/8,2024/4/8,,,,,,◎,◎,◎,◎,,,,◎,◎
露地野菜作＞共通,,耕耘,整地,ロータリー・ディスクハロー・グレーダーを操作する,,15,2024/4/8,2024/4/8,,,,,,◎,◎,◎,◎,,,,◎,◎
露地野菜作＞共通,,耕耘,徐礫（じょれき）,徐礫（じょれき）を行う目的を理解する圃場状況を確認し、徐礫（じょれき）を行うか判断する,,16,2024/4/8,2024/4/8,,,,,,◎,◎,◎,◎,,,,◎,◎
露地野菜作＞共通,,耕耘,徐礫（じょれき）,ストーンピッカーを操作する,,17,2024/4/8,2024/4/8,,,,,,◎,◎,◎,◎,,,,◎,◎
露地野菜作＞共通,,耕耘,徐礫（じょれき）,石拾いをする,,18,2024/4/8,2024/4/8,,,,,,◎,◎,◎,◎,,,,◎,◎
露地野菜作＞共通キャベツ,,耕耘,畝たて（うねたて）,畝たて（うねたて）を行う目的を理解する圃場状況と播種定植計画を確認し、畝たてを行うか判断する,,19,2024/4/8,2024/4/8,,,,,,◎,◎,◎,◎,,,,◎,◎
露地野菜作＞共通キャベツ,,耕耘,畝たて（うねたて）,管理機、マルチャーを操作する,,20,2024/4/8,2024/4/8,,,,,,◎,◎,◎,◎,,,,◎,◎
露地野菜作＞キャベツ,,耕耘,畝たて（うねたて）,管理機を操作する,,,,,,,,,,,,,,,,,,
露地野菜作＞共通,,施肥,肥料撒き,肥料撒きを行う目的を理解する圃場状況と施肥設計を確認し、肥料撒きを行うか判断する,,21,2024/4/8,2024/4/8,,,,,,◎,◎,◎,◎,,,,◎,◎
露地野菜作＞共通,,施肥,肥料撒き,肥料散布機を操作する,,22,2024/4/8,2024/4/8,,,,,,◎,◎,◎,◎,,,,◎,◎
露地野菜作＞共通,,施肥,肥料撒き,サンパーで手撒きする,,,,,,,,,,,,,,,,,,
露地野菜作＞共通,,施肥,肥料撒き,ドローンを操作する,,,,,,,,,,,,,,,,,,
露地野菜作＞共通,,施肥,肥料攪拌,肥料攪拌を行う目的を理解する,,23,2024/4/8,2024/4/8,,,,,,◎,◎,◎,◎,,,,◎,◎
露地野菜作＞共通,,施肥,肥料攪拌,ロータリーを操作する,,24,2024/4/8,2024/4/8,,,,,,◎,◎,◎,◎,,,,◎,◎
露地野菜作＞共通,,施肥,肥料攪拌,圃場に適したロータリーを選択する,,25,2024/4/8,2024/4/8,,,,,,◎,◎,◎,◎,,,,◎,◎
露地野菜作＞共通,,施肥,堆肥撒き,堆肥撒きを行う目的を理解する圃場状況と施肥設計を確認し、堆肥撒きを行うか判断する,,26,2024/4/8,2024/4/8,,,,,,◎,◎,◎,◎,,,,◎,◎
露地野菜作＞共通,,施肥,堆肥撒き,マニュアスを操作する,,27,2024/4/8,2024/4/8,,,,,,◎,◎,◎,◎,,,,◎,◎
露地野菜作＞共通,,施肥,堆肥撒き,スコップ等の道具を使い、手撒きする,,,,,,,,,,,,,,,,,,
露地野菜作＞共通,,施肥,葉面散布,葉面散布をする目的を理解する圃場状況を確認し、葉面散布を行うか判断する,,28,2024/4/8,2024/4/8,,,,,,◎,◎,◎,◎,,,,◎,◎
露地野菜作＞共通,,施肥,葉面散布,葉面散布剤の知識がある,,29,2024/4/8,2024/4/8,,,,,,◎,◎,◎,◎,,,,◎,◎
露地野菜作＞共通,,施肥,葉面散布,ブームを操作する,,30,2024/4/8,2024/4/8,,,,,,◎,◎,◎,◎,,,,◎,◎
露地野菜作＞共通,,マルチ張り,マルチ張り,圃場に合わせてマルチャーを設定、操作する圃場状況と播種定植計画を確認し、マルチ張りを行うか判断する,,31,2024/4/8,2024/4/8,,,,,,◎,◎,◎,◎,,,,◎,◎
露地野菜作＞共通,,マルチ張り,マルチ張り,マルチの種類、色の違い、適切な畝の状態を理解するマルチャーを操作する,,32,2024/4/8,2024/4/8,,,,,,◎,◎,◎,◎,,,,◎,◎
露地野菜作＞共通,,マルチ張り,マルチ張り,マルチをかける圃場状態を把握する,,33,2024/4/8,2024/4/8,,,,,,◎,◎,◎,◎,,,,◎,◎
露地野菜作＞共通,,定植,定植,ローラーをかける,,,,,,,,,,,,,,,,,,
露地野菜作＞共通,,定植,定植,穴あけ機を使用する,,34,2024/4/8,2024/4/8,,,,,,◎,◎,◎,◎,,,,◎,◎
露地野菜作＞共通,,定植,穴あけ,穴の適切な深さを理解する,,35,2024/4/8,2024/4/8,,,,,,◎,◎,◎,◎,,,,◎,◎
露地野菜作＞共通,,定植,定植,定植に適した土壌状態を理解する圃場状況と播種定植計画を確認し、定植を行うか判断する,,36,2024/4/8,2024/4/8,,,,,,◎,◎,◎,◎,,,,◎,◎
露地野菜作＞共通,,定植,定植,圃場状況を確認し、潅水を行うか判断する,,,,,,,,,,,,,,,,,,
露地野菜作＞共通,,定植,定植,潅水潅注をする,,37,2024/4/8,2024/4/8,,,,,,◎,◎,◎,◎,,,,◎,◎
露地野菜作＞共通,,定植,定植,適切な土寄せを理解し、定植する,,38,2024/4/8,2024/4/8,,,,,,◎,◎,◎,◎,,,,◎,◎
露地野菜作＞共通キャベツ,,定植,定植,移植機を操作する,,39,2024/4/8,2024/4/8,,,,,,◎,◎,◎,◎,,,,◎,◎
露地野菜作＞共通,,定植,被覆,被覆資材をかける,,40,2024/4/8,2024/4/8,,,,,,◎,◎,◎,◎,,,,◎,◎
露地野菜作＞共通,,定植,被覆,外気温の予測をもとに天気予報を確認し、被覆を行うかするかしないか判断する,,41,2024/4/8,2024/4/8,,,,,,◎,◎,◎,◎,,,,◎,◎
露地野菜作＞共通キャベツ,,土寄せ,土寄せ,土寄せを行う目的を理解する圃場状況を確認し、土寄せを行うか判断する,,42,2024/4/8,2024/4/8,,,,,,◎,◎,◎,◎,,,,◎,◎
露地野菜作＞共通キャベツ,,土寄せ,土寄せ,管理機を操作する,,43,2024/4/8,2024/4/8,,,,,,◎,◎,◎,◎,,,,◎,◎
露地野菜作＞共通キャベツ,,土寄せ,土寄せ,乗用管理機を操作する,,44,2024/4/8,2024/4/8,,,,,,◎,◎,◎,◎,,,,◎,◎
露地野菜作＞共通,,除草,除草,圃場状況を確認し、除草を行うか判断する,,,,,,,,,,,,,,,,,,
露地野菜作＞共通,,除草,除草,草刈り機を操作する（草刈りルールあり）,,45,2024/4/8,2024/4/8,,,,,,◎,◎,◎,◎,,,,◎,◎
露地野菜作＞共通,,除草,除草,手竿を操作する除草剤を撒く（手竿・背負い動噴）,,46,2024/4/8,2024/4/8,,,,,,◎,◎,◎,◎,,,,◎,◎
露地野菜作＞共通,,除草,除草,除草剤の知識がある背負い動噴を操作する,,47,2024/4/8,2024/4/8,,,,,,◎,◎,◎,◎,,,,◎,◎
露地野菜作＞共通,,除草,除草,ブームを操作するで除草剤を撒く（ブーム）,,48,2024/4/8,2024/4/8,,,,,,◎,◎,◎,◎,,,,◎,◎
露地野菜作＞共通,,除草,除草,草取りをする,,49,2024/4/8,2024/4/8,,,,,,◎,◎,◎,◎,,,,◎,◎
露地野菜作＞共通,,除草,除草,スパイダーモアを操作する,,50,2024/4/8,2024/4/8,,,,,,◎,◎,◎,◎,,,,◎,◎
露地野菜作＞共通,,除草,除草,フレールモアを操作するトラクターを操作し、草を刈る,,51,2024/4/8,2024/4/8,,,,,,◎,◎,◎,◎,,,,◎,◎
露地野菜作＞共通,,防除,防除,農薬の知識がある（有効成分、カウント数等）,,52,2024/4/8,2024/4/8,,,,,,◎,◎,◎,◎,,,,◎,◎
露地野菜作＞共通,,防除,防除,防除タイミングを理解する圃場状況と防除ローテーションを確認し、防除を行うか判断する,,53,2024/4/8,2024/4/8,,,,,,◎,◎,◎,◎,,,,◎,◎
露地野菜作＞共通,,防除,防除,ブームを操作する,,54,2024/4/8,2024/4/8,,,,,,◎,◎,◎,◎,,,,◎,◎
露地野菜作＞共通,,防除,防除,ドローンを操作する,,55,2024/4/8,2024/4/8,,,,,,◎,◎,◎,◎,,,,◎,◎
露地野菜作＞共通,,防除,防除,圃場状況を理解する,,56,2024/4/8,2024/4/8,,,,,,◎,◎,◎,◎,,,,◎,◎
露地野菜作＞共通,,防除,防除,IPM（総合的有害生物管理）の知識がある,,57,2024/4/8,2024/4/8,,,,,,◎,◎,◎,◎,,,,◎,◎
露地野菜作＞共通,,追肥,追肥,追肥をする目的を理解する圃場状況と施肥設計を確認し、追肥を行うか判断する,,58,2024/4/8,2024/4/8,,,,,,◎,◎,◎,◎,,,,◎,◎
露地野菜作＞共通,,追肥,追肥,追肥の種類を理解し適切な時期に適量を追肥する追肥機やじょうろを使い、手撒きする,,59,2024/4/8,2024/4/8,,,,,,◎,◎,◎,◎,,,,◎,◎
露地野菜作＞共通,,追肥,追肥,ドローンを操作する,,,,,,,,,,,,,,,,,,
露地野菜作＞共通,,潅水,潅水,圃場状態によって潅水必要量（必要時間）を把握する (ブーム）圃場状況と天気予報を確認し、潅水を行うか判断する,,60,2024/4/8,2024/4/8,,,,,,◎,◎,◎,◎,,,,◎,◎
露地野菜作＞共通,,潅水,潅水,ブームを操作する,,61,2024/4/8,2024/4/8,,,,,,◎,◎,◎,◎,,,,◎,◎
露地野菜作＞共通,,潅水,潅水,汲み上げ動噴、スミレイン・レインガンを操作する使って潅水する,,62,2024/4/8,2024/4/8,,,,,,◎,◎,◎,◎,,,,◎,◎
露地野菜作＞共通,,潅水,潅水,圃場状態によって潅水必要量（必要時間）を把握する(スミレイン・レインガン),,63,2024/4/8,2024/4/8,,,,,,◎,◎,◎,◎,,,,◎,◎
露地野菜作＞共通,,収穫後作業,マルチ剥ぎ,マルチ回収機を操作する,,64,2024/4/8,2024/4/8,,,,,,◎,◎,◎,◎,,,,◎,◎
露地野菜作＞共通,,収穫後作業,マルチ剥ぎ,マルチが容易なタイミングを理解する圃場状況を確認し、マルチ剥ぎを行うか判断する,,65,2024/4/8,2024/4/8,,,,,,◎,◎,◎,◎,,,,◎,◎
露地野菜作＞共通,,収穫後作業,マルチ剥ぎ,マルチを剥ぐ,,66,2024/4/8,2024/4/8,,,,,,◎,◎,◎,◎,,,,◎,◎
露地野菜作＞共通,,収穫後作業,マルチ剥ぎ,マルチを手で集める,,,,,,,,,,,,,,,,,,
露地野菜作＞共通,,収穫後作業,マルチ剥ぎ,マルチを作業車に積み、回収場所へ運ぶ,,,,,,,,,,,,,,,,,,
露地野菜作＞共通,,収穫後作業,残渣処理,圃場回転を理解する,,67,2024/4/8,2024/4/8,,,,,,◎,◎,◎,◎,,,,◎,◎
露地野菜作＞共通,,収穫後作業,残渣処理,ロータリー・ディスクハローを操作する,,68,2024/4/8,2024/4/8,,,,,,◎,◎,◎,◎,,,,◎,◎
露地野菜作＞収穫・調整・出荷,,収穫,収穫準備,圃場を回り、生育状況を確認する,,,,,,,,,,,,,,,,,,
露地野菜作＞収穫・調整・出荷,,収穫,収穫準備,生育状況をから収穫予定を立てる,,,,,,,,,,,,,,,,,,
露地野菜作＞収穫・調整・出荷,,収穫,収穫準備,収穫予定、2週間前に生育状況を報告する,,,,,,,,,,,,,,,,,,
露地野菜作＞収穫・調整・出荷,,収穫,収穫準備,収穫物の規格を理解している収穫前日までに収穫計画を班員に共有する,,69,2024/4/8,2024/4/8,,,,,,◎,◎,◎,◎,,,,◎,◎
露地野菜作＞収穫・調整・出荷,,収穫,収穫準備,収穫に使用する車、機械を運転操作する,,70,2024/4/8,2024/4/8,,,,,,◎,◎,◎,◎,,,,◎,◎
露地野菜作＞収穫・調整・出荷,,収穫,切り,包丁の管理を行う,,71,2024/4/8,2024/4/8,,,,,,◎,◎,◎,◎,,,,◎,◎
露地野菜作＞収穫・調整・出荷,,収穫,切り,早く、きれいに作物を切る,,72,2024/4/8,2024/4/8,,,,,,◎,◎,◎,◎,,,,◎,◎
露地野菜作＞収穫・調整・出荷,,収穫,箱詰め,規格に沿った荷づめ箱詰めをする,,73,2024/4/8,2024/4/8,,,,,,◎,◎,◎,◎,,,,◎,◎
露地野菜作＞収穫・調整・出荷,,収穫,切り口洗浄,適切なタイミングで切り口を洗浄する,,74,2024/4/8,2024/4/8,,,,,,◎,◎,◎,◎,,,,◎,◎
露地野菜作＞収穫・調整・出荷,,運搬,トラックへの積み込み,積み込み道具を使う運搬機を操作する,,75,2024/4/8,2024/4/8,,,,,,◎,◎,◎,◎,,,,◎,◎
露地野菜作＞収穫・調整・出荷,,運搬,トラックへの積み込み,効率の良い積み込み作業をする,,76,2024/4/8,2024/4/8,,,,,,◎,◎,◎,◎,,,,◎,◎
露地野菜作＞収穫・調整・出荷,,運搬,集荷場持ち込み,収穫物を積んだ状態で圃場から集荷場まで運転する,,77,2024/4/8,2024/4/8,,,,,,◎,◎,◎,◎,,,,◎,◎
露地野菜作＞収穫・調整・出荷,,運搬,集荷場持ち込み,集荷場で収穫物を下す,,,,,,,,,,,,,,,,,,
露地野菜作＞収穫・調整・出荷,,運搬,集荷場持ち込み,フォークリフトを操作する,,,,,,,,,,,,,,,,,,
露地野菜作＞収穫・調整・出荷,,運搬,集荷場持ち込み,伝票を記入する集荷場で収穫物の個数を登録する,,78,2024/4/8,2024/4/8,,,,,,◎,◎,◎,◎,,,,◎,◎
機械管理＞大型,,トラクター＞ロータリー,点検・清掃・保管,重要な点検部分を理解し点検する。また使用後に決められた手順で清掃し、正しく保管する。,オペレーター重要タスク 公道走行時は要大型特殊免許,79,2024/4/8,2024/4/8,,,,,,◎,◎,◎,◎,,,,◎,◎
機械管理＞大型,,トラクター＞ロータリー,整備・簡易的な修繕,点検で異常が見つかった個所を把握し、マニュアルに従って整備、修繕を行う。,オペレーター重要タスク 公道走行時は要大型特殊免許,80,2024/4/8,2024/4/8,,,,,,◎,◎,◎,◎,,,,◎,◎
機械管理＞大型,,トラクター＞ロータリー,アタッチメントの脱着,アタッチメントを正しく、安全に脱着する,,81,2024/4/8,2024/4/8,,,,,,◎,◎,◎,◎,,,,◎,◎
機械管理＞大型,,トラクター＞ロータリー,積載車による運搬,機械を安全に積載車に乗せ作業場所まで運搬する。,要準中・中型免許 もしくは 要免許区分確認,82,2024/4/8,2024/4/8,,,,,,◎,◎,◎,◎,,,,◎,◎
機械管理＞大型,,トラクター＞マニュアスプレッター,点検・清掃・保管,重要な点検部分を理解し点検する。また使用後に決められた手順で清掃し、正しく保管する。,,83,2024/4/8,2024/4/8,,,,,,◎,◎,◎,◎,,,,◎,◎
機械管理＞大型,,トラクター＞マニュアスプレッター,整備・簡易的な修繕,点検で異常が見つかった個所を把握し、マニュアルに従って整備、修繕を行う。,,84,2024/4/8,2024/4/8,,,,,,◎,◎,◎,◎,,,,◎,◎
機械管理＞大型,,トラクター＞マニュアスプレッター,アタッチメントの脱着,アタッチメントを正しく、安全に脱着する,,85,2024/4/8,2024/4/8,,,,,,◎,◎,◎,◎,,,,◎,◎
機械管理＞大型,,トラクター＞マニュアスプレッター,積載車による運搬,機械を安全に積載車に乗せ作業場所まで運搬する。,,86,2024/4/8,2024/4/8,,,,,,◎,◎,◎,◎,,,,◎,◎
機械管理＞大型,,トラクター＞ブロードキャスター,点検・清掃・保管,重要な点検部分を理解し点検する。また使用後に決められた手順で清掃し、正しく保管する。,,87,2024/4/8,2024/4/8,,,,,,◎,◎,◎,◎,,,,◎,◎
機械管理＞大型,,トラクター＞ブロードキャスター,備・簡易的な修繕,点検で異常が見つかった個所を把握し、マニュアルに従って整備、修繕を行う。,,88,2024/4/8,2024/4/8,,,,,,◎,◎,◎,◎,,,,◎,◎
機械管理＞大型,,トラクター＞ブロードキャスター,アタッチメントの脱着,アタッチメントを正しく、安全に脱着する,,89,2024/4/8,2024/4/8,,,,,,◎,◎,◎,◎,,,,◎,◎
機械管理＞大型,,トラクター＞ブロードキャスター,積載車による運搬,機械を安全に積載車に乗せ作業場所まで運搬する。,,90,2024/4/8,2024/4/8,,,,,,◎,◎,◎,◎,,,,◎,◎
機械管理＞大型,,トラクター＞オフセットモア,点検・清掃・保管,重要な点検部分を理解し点検する。また使用後に決められた手順で清掃し、正しく保管する。,,91,2024/4/8,2024/4/8,,,,,,◎,◎,◎,◎,,,,◎,◎
機械管理＞大型,,トラクター＞オフセットモア,整備・簡易的な修繕,点検で異常が見つかった個所を把握し、マニュアルに従って整備、修繕を行う。,,92,2024/4/8,2024/4/8,,,,,,◎,◎,◎,◎,,,,◎,◎
機械管理＞大型,,トラクター＞オフセットモア,アタッチメントの脱着,アタッチメントを正しく、安全に脱着する,,93,2024/4/8,2024/4/8,,,,,,◎,◎,◎,◎,,,,◎,◎
機械管理＞大型,,トラクター＞オフセットモア,積載車による運搬,機械を安全に積載車に乗せ作業場所まで運搬する。,,94,2024/4/8,2024/4/8,,,,,,◎,◎,◎,◎,,,,◎,◎
機械管理＞大型,,トラクター＞ディスクハロー,点検・清掃・保管,重要な点検部分を理解し点検する。また使用後に決められた手順で清掃し、正しく保管する。,,95,2024/4/8,2024/4/8,,,,,,◎,◎,◎,◎,,,,◎,◎
機械管理＞大型,,トラクター＞ディスクハロー,整備・簡易的な修繕,点検で異常が見つかった個所を把握し、マニュアルに従って整備、修繕を行う。,,96,2024/4/8,2024/4/8,,,,,,◎,◎,◎,◎,,,,◎,◎
露地栽培,,除草,除草畦畔除草（けいはんじょそう）,畦畔の除草剤の知識がある,,96,2024/4/8,2024/4/8,,,,,,◎,◎,,,◎,◎,,,
露地栽培,,除草,畝間除草（うねまじょそう）,除草剤を撒く（手竿・背負い動噴・ブーム）,,97,2024/4/8,2024/4/8,,,,,,◎,◎,,,◎,◎,,,
機械管理＞大型,,トラクター＞ディスクハロー,アタッチメントの脱着,アタッチメントを正しく、安全に脱着する,,97,2024/4/8,2024/4/8,,,,,,◎,◎,◎,◎,,,,◎,◎
機械管理＞大型,,トラクター＞ディスクハロー,積載車による運搬,機械を安全に積載車に乗せ作業場所まで運搬する。,,98,2024/4/8,2024/4/8,,,,,,◎,◎,◎,◎,,,,◎,◎
機械管理＞大型,,フォークリフト,点検・清掃・保管,重要な点検部分を理解し点検する。また使用後に決められた手順で清掃し、正しく保管する。,,99,2024/4/8,2024/4/8,,,,,,◎,◎,◎,◎,◎,,,◎,◎
機械管理＞大型,,フォークリフト,整備・簡易的な修繕,点検で異常が見つかった個所を把握し、マニュアルに従って整備、修繕を行う。,,100,2024/4/8,2024/4/8,,,,,,◎,◎,◎,◎,◎,,,◎,◎
機械管理＞大型,,フォークリフト,積載車による運搬,機械を安全に積載車に乗せ作業場所まで運搬する。,,101,2024/4/8,2024/4/8,,,,,,◎,◎,◎,◎,◎,,,◎,◎
機械管理＞大型,,トラクター,点検・清掃・保管,重要な点検部分を理解し点検する。また使用後に決められた手順で清掃し、正しく保管する。,,102,2024/4/8,2024/4/8,,,,,,◎,◎,◎,◎,,,,◎,◎
機械管理＞大型,,トラクター,整備・簡易的な修繕,点検で異常が見つかった個所を把握し、マニュアルに従って整備、修繕を行う。,,103,2024/4/8,2024/4/8,,,,,,◎,◎,◎,◎,,,,◎,◎
機械管理＞大型,,トラクター,アタッチメントの脱着,アタッチメントを正しく、安全に脱着する,,104,2024/4/8,2024/4/8,,,,,,◎,◎,◎,◎,,,,◎,◎
機械管理＞大型,,トラクター,積載車による運搬,機械を安全に積載車に乗せ作業場所まで運搬する。,,105,2024/4/8,2024/4/8,,,,,,◎,◎,◎,◎,,,,◎,◎
機械管理＞大型,,トラクター＜ブーム,点検・清掃・保管,重要な点検部分を理解し点検する。また使用後に決められた手順で清掃し、正しく保管する。,,106,2024/4/8,2024/4/8,,,,,,◎,◎,◎,◎,,,,◎,◎
機械管理＞大型,,トラクター＜ブーム,整備・簡易的な修繕,点検で異常が見つかった個所を把握し、マニュアルに従って整備、修繕を行う。,,107,2024/4/8,2024/4/8,,,,,,◎,◎,◎,◎,,,,◎,◎
機械管理＞大型,,トラクター＜ブーム,アタッチメントの脱着,アタッチメントを正しく、安全に脱着する,,108,2024/4/8,2024/4/8,,,,,,◎,◎,◎,◎,,,,◎,◎
機械管理＞大型,,トラクター＜ブーム,積載車による運搬,機械を安全に積載車に乗せ作業場所まで運搬する。,,109,2024/4/8,2024/4/8,,,,,,◎,◎,◎,◎,,,,◎,◎
機械管理＞大型,,トラクター＜ディスクティラー,点検・清掃・保管,重要な点検部分を理解し点検する。また使用後に決められた手順で清掃し、正しく保管する。,,110,2024/4/8,2024/4/8,,,,,,◎,◎,◎,◎,,,,◎,◎
機械管理＞大型,,トラクター＜ディスクティラー,整備・簡易的な修繕,点検で異常が見つかった個所を把握し、マニュアルに従って整備、修繕を行う。,,111,2024/4/8,2024/4/8,,,,,,◎,◎,◎,◎,,,,◎,◎
機械管理＞大型,,トラクター＜ディスクティラー,アタッチメントの脱着,アタッチメントを正しく、安全に脱着する,,112,2024/4/8,2024/4/8,,,,,,◎,◎,◎,◎,,,,◎,◎
機械管理＞大型,,トラクター＜ディスクティラー,積載車による運搬,機械を安全に積載車に乗せ作業場所まで運搬する。,,113,2024/4/8,2024/4/8,,,,,,◎,◎,◎,◎,,,,◎,◎
機械管理＞大型,,トラクター＜ライムソア,点検・清掃・保管,重要な点検部分を理解し点検する。また使用後に決められた手順で清掃し、正しく保管する。,,114,2024/4/8,2024/4/8,,,,,,◎,◎,◎,◎,,,,◎,◎
機械管理＞大型,,トラクター＜ライムソア,整備・簡易的な修繕,点検で異常が見つかった個所を把握し、マニュアルに従って整備、修繕を行う。,,115,2024/4/8,2024/4/8,,,,,,◎,◎,◎,◎,,,,◎,◎
機械管理＞大型,,トラクター＜ライムソア,アタッチメントの脱着,アタッチメントを正しく、安全に脱着する,,116,2024/4/8,2024/4/8,,,,,,◎,◎,◎,◎,,,,◎,◎
機械管理＞大型,,トラクター＜ライムソア,積載車による運搬,機械を安全に積載車に乗せ作業場所まで運搬する。,,117,2024/4/8,2024/4/8,,,,,,◎,◎,◎,◎,,,,◎,◎
機械管理＞大型,,トラクター＜サブソイラ,点検・清掃・保管,重要な点検部分を理解し点検する。また使用後に決められた手順で清掃し、正しく保管する。,,118,2024/4/8,2024/4/8,,,,,,◎,◎,◎,◎,,,,◎,◎
機械管理＞大型,,トラクター＜サブソイラ,整備・簡易的な修繕,点検で異常が見つかった個所を把握し、マニュアルに従って整備、修繕を行う。,,119,2024/4/8,2024/4/8,,,,,,◎,◎,◎,◎,,,,◎,◎
機械管理＞大型,,トラクター＜サブソイラ,アタッチメントの脱着,アタッチメントを正しく、安全に脱着する,,120,2024/4/8,2024/4/8,,,,,,◎,◎,◎,◎,,,,◎,◎
機械管理＞大型,,トラクター＜サブソイラ,積載車による運搬,機械を安全に積載車に乗せ作業場所まで運搬する。,,121,2024/4/8,2024/4/8,,,,,,◎,◎,◎,◎,,,,◎,◎
機械管理＞大型,,トラクター＜リバーシブルプラウ,点検・清掃・保管,重要な点検部分を理解し点検する。また使用後に決められた手順で清掃し、正しく保管する。,,122,2024/4/8,2024/4/8,,,,,,◎,◎,◎,◎,,,,◎,◎
機械管理＞大型,,トラクター＜リバーシブルプラウ,整備・簡易的な修繕,点検で異常が見つかった個所を把握し、マニュアルに従って整備、修繕を行う。,,123,2024/4/8,2024/4/8,,,,,,◎,◎,◎,◎,,,,◎,◎
機械管理＞大型,,トラクター＜リバーシブルプラウ,アタッチメントの脱着,アタッチメントを正しく、安全に脱着する,,124,2024/4/8,2024/4/8,,,,,,◎,◎,◎,◎,,,,◎,◎
機械管理＞大型,,トラクター＜リバーシブルプラウ,積載車による運搬,機械を安全に積載車に乗せ作業場所まで運搬する。,,125,2024/4/8,2024/4/8,,,,,,◎,◎,◎,◎,,,,◎,◎
機械管理＞大型,,トラクター＜ストーンピッカー,点検・清掃・保管,重要な点検部分を理解し点検する。また使用後に決められた手順で清掃し、正しく保管する。,,126,2024/4/8,2024/4/8,,,,,,◎,◎,◎,◎,,,,◎,◎
機械管理＞大型,,トラクター＜ストーンピッカー,整備・簡易的な修繕,点検で異常が見つかった個所を把握し、マニュアルに従って整備、修繕を行う。,,127,2024/4/8,2024/4/8,,,,,,◎,◎,◎,◎,,,,◎,◎
機械管理＞大型,,トラクター＜ストーンピッカー,アタッチメントの脱着,アタッチメントを正しく、安全に脱着する,,128,2024/4/8,2024/4/8,,,,,,◎,◎,◎,◎,,,,◎,◎
機械管理＞大型,,トラクター＜ストーンピッカー,積載車による運搬,機械を安全に積載車に乗せ作業場所まで運搬する。,,129,2024/4/8,2024/4/8,,,,,,◎,◎,◎,◎,,,,◎,◎
機械管理＞大型,,トラクター＜グレーダー,点検・清掃・保管,重要な点検部分を理解し点検する。また使用後に決められた手順で清掃し、正しく保管する。,,130,2024/4/8,2024/4/8,,,,,,◎,◎,◎,◎,,,,◎,◎
機械管理＞大型,,トラクター＜グレーダー,整備・簡易的な修繕,点検で異常が見つかった個所を把握し、マニュアルに従って整備、修繕を行う。,,131,2024/4/8,2024/4/8,,,,,,◎,◎,◎,◎,,,,◎,◎
機械管理＞大型,,トラクター＜グレーダー,アタッチメントの脱着,アタッチメントを正しく、安全に脱着する,,132,2024/4/8,2024/4/8,,,,,,◎,◎,◎,◎,,,,◎,◎
機械管理＞大型,,トラクター＜グレーダー,積載車による運搬,機械を安全に積載車に乗せ作業場所まで運搬する。,,133,2024/4/8,2024/4/8,,,,,,◎,◎,◎,◎,,,,◎,◎
機械管理＞大型,,トラクター＜フレールモア,点検・清掃・保管,重要な点検部分を理解し点検する。また使用後に決められた手順で清掃し、正しく保管する。,,134,2024/4/8,2024/4/8,,,,,,◎,◎,◎,◎,,,,◎,◎
機械管理＞大型,,トラクター＜フレールモア,整備・簡易的な修繕,点検で異常が見つかった個所を把握し、マニュアルに従って整備、修繕を行う。,,135,2024/4/8,2024/4/8,,,,,,◎,◎,◎,◎,,,,◎,◎
機械管理＞大型,,トラクター＜フレールモア,アタッチメントの脱着,アタッチメントを正しく、安全に脱着する,,136,2024/4/8,2024/4/8,,,,,,◎,◎,◎,◎,,,,◎,◎
機械管理＞大型,,トラクター＜フレールモア,積載車による運搬,機械を安全に積載車に乗せ作業場所まで運搬する。,,137,2024/4/8,2024/4/8,,,,,,◎,◎,◎,◎,,,,◎,◎
機械管理＞大型,,マルチャー,点検・清掃・保管,重要な点検部分を理解し点検する。また使用後に決められた手順で清掃し、正しく保管する。,,138,2024/4/8,2024/4/8,,,,,,◎,◎,◎,◎,,,,◎,◎
機械管理＞大型,,マルチャー,整備・簡易的な修繕,点検で異常が見つかった個所を把握し、マニュアルに従って整備、修繕を行う。,,139,2024/4/8,2024/4/8,,,,,,◎,◎,◎,◎,,,,◎,◎
機械管理＞大型,,マルチャー,アタッチメントの脱着,アタッチメントを正しく、安全に脱着する,,140,2024/4/8,2024/4/8,,,,,,◎,◎,◎,◎,,,,◎,◎
機械管理＞大型,,マルチャー,積載車による運搬,機械を安全に積載車に乗せ作業場所まで運搬する。,,141,2024/4/8,2024/4/8,,,,,,◎,◎,◎,◎,,,,◎,◎
機械管理＞大型,,乗用管理機,点検・清掃・保管,重要な点検部分を理解し点検する。また使用後に決められた手順で清掃し、正しく保管する。,,142,2024/4/8,2024/4/8,,,,,,◎,◎,◎,◎,,,,◎,◎
機械管理＞大型,,乗用管理機,整備・簡易的な修繕,点検で異常が見つかった個所を把握し、マニュアルに従って整備、修繕を行う。,,143,2024/4/8,2024/4/8,,,,,,◎,◎,◎,◎,,,,◎,◎
機械管理＞大型,,乗用管理機,アタッチメントの脱着,アタッチメントを正しく、安全に脱着する,,144,2024/4/8,2024/4/8,,,,,,◎,◎,◎,◎,,,,◎,◎
機械管理＞大型,,乗用管理機,積載車による運搬,機械を安全に積載車に乗せ作業場所まで運搬する。,,145,2024/4/8,2024/4/8,,,,,,◎,◎,◎,◎,,,,◎,◎
機械整備＞作業機,,バッテリー動噴,点検・清掃・保管,重要な点検部分を理解し点検する。また使用後に決められた手順で清掃し、正しく保管する。,,146,2024/4/8,2024/4/8,,,,,,◎,◎,◎,◎,,,,◎,◎
機械整備＞作業機,,バッテリー動噴,整備・簡易的な修繕,点検で異常が見つかった個所を把握し、マニュアルに従って整備、修繕を行う。,,147,2024/4/8,2024/4/8,,,,,,◎,◎,◎,◎,,,,◎,◎
機械整備＞作業機,,草刈り機,点検・清掃・保管,重要な点検部分を理解し点検する。また使用後に決められた手順で清掃し、正しく保管する。,,148,2024/4/8,2024/4/8,,,,,,◎,◎,◎,◎,,,,◎,◎
機械整備＞作業機,,草刈り機,整備・簡易的な修繕,点検で異常が見つかった個所を把握し、マニュアルに従って整備、修繕を行う。,,149,2024/4/8,2024/4/8,,,,,,◎,◎,◎,◎,,,,◎,◎
機械整備＞作業機,,スパイダーモア,点検・清掃・保管,重要な点検部分を理解し点検する。また使用後に決められた手順で清掃し、正しく保管する。,,150,2024/4/8,2024/4/8,,,,,,◎,◎,◎,◎,,,,◎,◎
機械整備＞作業機,,スパイダーモア,整備・簡易的な修繕,点検で異常が見つかった個所を把握し、マニュアルに従って整備、修繕を行う。,,151,2024/4/8,2024/4/8,,,,,,◎,◎,◎,◎,,,,◎,◎
機械整備＞作業機,,マルチ回収機,点検・清掃・保管,重要な点検部分を理解し点検する。また使用後に決められた手順で清掃し、正しく保管する。,,152,2024/4/8,2024/4/8,,,,,,◎,◎,◎,◎,,,,◎,◎
機械整備＞作業機,,マルチ回収機,整備・簡易的な修繕,点検で異常が見つかった個所を把握し、マニュアルに従って整備、修繕を行う。,,153,2024/4/8,2024/4/8,,,,,,◎,◎,◎,◎,,,,◎,◎
機械整備＞作業機,,管理機,点検・清掃・保管,重要な点検部分を理解し点検する。また使用後に決められた手順で清掃し、正しく保管する。,,154,2024/4/8,2024/4/8,,,,,,◎,◎,◎,◎,,,,◎,◎
機械整備＞作業機,,管理機,整備・簡易的な修繕,点検で異常が見つかった個所を把握し、マニュアルに従って整備、修繕を行う。,,155,2024/4/8,2024/4/8,,,,,,◎,◎,◎,◎,,,,◎,◎
機械整備＞作業機,,動噴,点検・清掃・保管,重要な点検部分を理解し点検する。また使用後に決められた手順で清掃し、正しく保管する。,,156,2024/4/8,2024/4/8,,,,,,◎,◎,◎,◎,,,,◎,◎
機械整備＞作業機,,動噴,整備・簡易的な修繕,点検で異常が見つかった個所を把握し、マニュアルに従って整備、修繕を行う。,,157,2024/4/8,2024/4/8,,,,,,◎,◎,◎,◎,,,,◎,◎
機械整備＞作業機,,移植機,点検・清掃・保管,重要な点検部分を理解し点検する。また使用後に決められた手順で清掃し、正しく保管する。,,158,2024/4/8,2024/4/8,,,,,,◎,◎,◎,◎,,,,◎,◎
機械整備＞作業機,,移植機,整備・簡易的な修繕,点検で異常が見つかった個所を把握し、マニュアルに従って整備、修繕を行う。,,159,2024/4/8,2024/4/8,,,,,,◎,◎,◎,◎,,,,◎,◎
機械整備＞作業機,,スミレイン・レインガン,点検・清掃・保管,重要な点検部分を理解し点検する。また使用後に決められた手順で清掃し、正しく保管する。,,160,2024/4/8,2024/4/8,,,,,,◎,◎,◎,◎,,,,◎,◎
機械整備＞作業機,,スミレイン・レインガン,整備・簡易的な修繕,点検で異常が見つかった個所を把握し、マニュアルに従って整備、修繕を行う。,,161,2024/4/8,2024/4/8,,,,,,◎,◎,◎,◎,,,,◎,◎
機械整備＞ドローン,,農薬散布ドローン,DIPS申請,DIPSでドローンの飛行計画を申請する,,162,2024/4/8,2024/4/8,,,,,,◎,◎,◎,◎,,,,◎,◎
機械整備＞ドローン,,農薬散布ドローン,点検・清掃・保管,重要な点検部分を理解し点検する。また使用後に決められた手順で清掃し、正しく保管する。,オペレーター重要タスク,163,2024/4/8,2024/4/8,,,,,,◎,◎,◎,◎,,,,◎,◎
機械整備＞ドローン,,農薬散布ドローン,整備・簡易的な修繕,点検で異常が見つかった個所を把握し、マニュアルに従って整備、修繕を行う。,オペレーター重要タスク,164,2024/4/8,2024/4/8,,,,,,◎,◎,◎,◎,,,,◎,◎
機械整備＞ドローン,,農薬散布ドローン,アタッチメントの装備,アタッチメントを正しく、安全に脱着する,,165,2024/4/8,2024/4/8,,,,,,◎,◎,◎,◎,,,,◎,◎
機械整備＞ドローン,,肥料散布ドローン,DIPS申請,DIPSでドローンの飛行計画を申請する,,166,2024/4/8,2024/4/8,,,,,,◎,◎,◎,◎,,,,◎,◎
機械整備＞ドローン,,肥料散布ドローン,点検・清掃・保管,重要な点検部分を理解し点検する。また使用後に決められた手順で清掃し、正しく保管する。,,167,2024/4/8,2024/4/8,,,,,,◎,◎,◎,◎,,,,◎,◎
機械整備＞ドローン,,肥料散布ドローン,整備・簡易的な修繕,点検で異常が見つかった個所を把握し、マニュアルに従って整備、修繕を行う。,,168,2024/4/8,2024/4/8,,,,,,◎,◎,◎,◎,,,,◎,◎
機械整備＞ドローン,,肥料散布ドローン,アタッチメントの装備,アタッチメントを正しく、安全に脱着する,,169,2024/4/8,2024/4/8,,,,,,◎,◎,◎,◎,,,,◎,◎
設備管理,,コンプレッサー,点検・清掃・保管,重要な点検部分を理解し点検する。また使用後に決められた手順で清掃し、正しく保管する。,,170,2024/4/8,2024/4/8,,,,,,◎,◎,◎,◎,,,,◎,◎
設備管理,,コンプレッサー,整備・簡易的な修繕,点検で異常が見つかった個所を把握し、マニュアルに従って整備、修繕を行う。,,171,2024/4/8,2024/4/8,,,,,,◎,◎,◎,◎,,,,◎,◎
設備管理,,高圧洗浄機,点検・清掃・保管,重要な点検部分を理解し点検する。また使用後に決められた手順で清掃し、正しく保管する。,,172,2024/4/8,2024/4/8,,,,,,◎,◎,◎,◎,,,,◎,◎
設備管理,,高圧洗浄機,整備・簡易的な修繕,点検で異常が見つかった個所を把握し、マニュアルに従って整備、修繕を行う。,,173,2024/4/8,2024/4/8,,,,,,◎,◎,◎,◎,,,,◎,◎
衛生・安全管理,,安全管理,安全管理,燃料・農薬など資材のリスクを理解し、作業を行う。,マスク・手袋・防護服の着用,174,2024/4/8,2024/4/8,,,,,,◎,◎,◎,◎,,,,◎,◎
衛生・安全管理,,整理整頓,５S,５Sを理解し、実行する,,175,2024/4/8,2024/4/8,,,,,,◎,◎,◎,◎,,,,◎,◎
衛生・安全管理,,機械＞緊急時対応,緊急時対応,事故や怪我、急な故障等に緊急時にマニュアルに従って正しく行動する。,,176,2024/4/8,2024/4/8,,,,,,◎,◎,◎,◎,,,,◎,◎
衛生・安全管理,,農作業全般,安全講習,農作業全般の安全講習の受講。,,177,2024/4/8,2024/4/8,,,,,,◎,◎,◎,◎,,,,◎,◎
衛生・安全管理,,農作業全般,労働衛生管理,労働衛生管理の講習会の受講。,農薬、使用資材を安全に使うための講習会。,178,2024/4/8,2024/4/8,,,,,,◎,◎,◎,◎,,,,◎,◎
衛生・安全管理,,機械＞安全確認,安全確認,周囲の安全を確認する,,179,2024/4/8,2024/4/8,,,,,,◎,◎,◎,◎,,,,◎,◎
気象・災害,,気象災害対応,台風対策情報収集,地域情報や過去の対策方法、指導機関からの台風対策等を収集する,,180,2024/4/8,2024/4/8,,,,,,◎,◎,◎,◎,,,,◎,◎
気象・災害,,気象災害対応,台風対策情報収集,台風事前対策を理解し、対策を講じる,,181,2024/4/8,2024/4/8,,,,,,◎,◎,◎,◎,,,,◎,◎
鳥獣害対策,,電気柵（ワイヤーメッシュ）,点検,定期的に漏電等がないか点検を行う,,182,2024/4/8,2024/4/8,,,,,,◎,◎,◎,◎,,,,◎,◎
鳥獣害対策,,電気柵（ワイヤーメッシュ）,整備・簡易的な修繕,点検により漏電が発見された場合に素早く漏電箇所を修繕する。,,183,2024/4/8,2024/4/8,,,,,,◎,◎,◎,◎,,,,◎,◎
鳥獣害対策,,鳥獣害対策＞電気柵（ワイヤーメッシュ）,鳥獣害対策準備,地域の鳥獣害発生情報を把握する,,184,2024/4/8,2024/4/8,,,,,,◎,◎,◎,◎,,,,◎,◎
鳥獣害対策,,鳥獣害対策＞電気柵（ワイヤーメッシュ）,電気柵（ワイヤーメッシュ）の設置,獣害に応じた電気柵（ワイヤーメッシュ）の正しい設置方法を理解し、設置する,,185,2024/4/8,2024/4/8,,,,,,◎,◎,◎,◎,,,,◎,◎
鳥獣害対策,,鳥獣害対策＞電気柵（ワイヤーメッシュ）,電気柵（ワイヤーメッシュ）の設置,電柵下の除草や侵入対策を行い、水田への鳥獣害被害を軽減する,,186,2024/4/8,2024/4/8,,,,,,◎,◎,◎,◎,,,,◎,◎
生産マネージメント,,標準化,基準書の作成,共通の判断基準をまとめて、基準書を作成する。,,187,2024/4/8,2024/4/8,,,,,,,◎,◎,◎,,,,◎,◎
生産マネージメント,,標準化,ガイドラインの作成,共通の実施指針をまとめて、ガイドラインを作成する。,,188,2024/4/8,2024/4/8,,,,,,,◎,◎,◎,,,,◎,◎
生産マネージメント,,標準化,コミュニケーション計画,収集と伝達が必要な情報、関係者への伝達手段を定義する,,189,2024/4/8,2024/4/8,,,,,,,◎,◎,◎,,,,◎,◎
生産マネージメント,,標準化,コミュニケーション計画,関係者間のコミュニケーションと情報伝達を図るための仕組みやルールを定義する,,190,2024/4/8,2024/4/8,,,,,,,◎,◎,◎,,,,◎,◎
生産マネージメント,,標準化,コミュニケーション計画,情報の報告方法を定義する,,191,2024/4/8,2024/4/8,,,,,,,◎,◎,◎,,,,◎,◎
生産マネージメント,,標準化,コミュニケーション計画,収集した情報の分類と保管のためのルールを定義する,,192,2024/4/8,2024/4/8,,,,,,,◎,◎,◎,,,,◎,◎
生産マネージメント,,生産計画,圃場の引継ぎ（圃場環境の理解）,圃場カルテをもとに、圃場の特性や、農作業を行う上で注意すべき点を理解し、説明する。,,193,2024/4/8,2024/4/8,,,,,,,◎,◎,◎,,,,◎,◎
生産マネージメント,,生産計画,圃場の引継ぎ（圃場環境の理解）,土壌診断結果の内容を元に適切な施肥計画を立てる。,,194,2024/4/8,2024/4/8,,,,,,,◎,◎,◎,,,,◎,◎
生産マネージメント,,生産計画,品目・品種の検討,計画した出荷数量を達成するために、単位面積あたりの予定数量を実現するための品種を選定する。（定量的）,,195,2024/4/8,2024/4/8,,,,,,,◎,◎,◎,,,,◎,◎
生産マネージメント,,生産計画,品目・品種の検討,過去の収穫実績に基づき、時期、標高、土壌特性等を意識した品種を選定する。（定性的）,,196,2024/4/8,2024/4/8,,,,,,,◎,◎,◎,,,,◎,◎
生産マネージメント,,生産計画,出荷計画,契約数量が確保できる出荷計画を策定する。,,197,2024/4/8,2024/4/8,,,,,,,◎,◎,◎,,,,◎,◎
生産マネージメント,,生産計画,播種・定植計画,予定した収穫日に収穫するため、過去の生育日数に基づいた播種・定植計画を立てる。,,198,2024/4/8,2024/4/8,,,,,,,◎,◎,◎,,,,◎,◎
生産マネージメント,,生産計画,圃場回転表の作成,品目、品種、季節による生育日数の変動を理解し、作付（定植～収穫）の前後の管理作業による圃場の占有も把握した上で圃場回転表を作成する。,,199,2024/4/8,2024/4/8,,,,,,,◎,◎,◎,,,,◎,◎
生産マネージメント,,生産計画,収穫計画,予定した収穫日に収穫するため、収穫に必要なリソース（機材、人など）を見積もり、収穫計画を策定する。,,200,2024/4/8,2024/4/8,,,,,,,◎,◎,◎,,,,◎,◎
生産マネージメント,,生産計画,防除計画,必要な防除を把握し、防除計画を立てる。,,201,2024/4/8,2024/4/8,,,,,,,◎,◎,◎,,,,◎,◎
生産マネージメント,,生産計画,人員計画,播種・定植計画、収穫計画、防除計画、その他の管理作業を元に各人員のスキルを把握し、実現性のある人員計画を策定する。,,202,2024/4/8,2024/4/8,,,,,,,◎,◎,◎,,,,◎,◎
生産マネージメント,,生産計画,調達計画,在庫量を把握したうえで、調達先に要求すべき仕様（資材、人、機器類等）を明らかにし、文書化する,,203,2024/4/8,2024/4/8,,,,,,,◎,◎,◎,,,,◎,◎
生産マネージメント,,生産計画,費用計画（直接費：材料費、労務費）,作業に必要な人員、機器等の資源を洗い出し、必要な金額を積算する,,204,2024/4/8,2024/4/8,,,,,,,◎,◎,◎,,,,◎,◎
生産マネージメント,,生産計画,費用計画（直接費：材料費、労務費）,金額および出費の時期を明らかにする,,205,2024/4/8,2024/4/8,,,,,,,◎,◎,◎,,,,◎,◎
生産マネージメント,,生産計画,費用計画（直接費：材料費、労務費）,予算内において、積算した必要金額の調整を行い、実行可能な予算計画を策定する,,206,2024/4/8,2024/4/8,,,,,,,◎,◎,◎,,,,◎,◎
生産マネージメント,,生産計画,品質計画,品質特性を理解し、品質方針と達成目標（品質基準）を定める,,207,2024/4/8,2024/4/8,,,,,,,◎,◎,◎,,,,◎,◎
生産マネージメント,,生産計画,品質計画,品質を作り込む手段としての生産工程、基準、規約等を選択または決定する,,208,2024/4/8,2024/4/8,,,,,,,◎,◎,◎,,,,◎,◎
生産マネージメント,,生産計画,品質計画,品質保証のための組織構造、責任、生産工程、資材等を明らかにし、品質保証計画を策定する,,209,2024/4/8,2024/4/8,,,,,,,◎,◎,◎,,,,◎,◎
生産マネージメント,,生産計画,リスク管理計画の策定,主要なリスク（スケジュール、資材計画、組織・要員、調達、費用、品質、鳥獣害）を洗い出す,,210,2024/4/8,2024/4/8,,,,,,,◎,◎,◎,,,,◎,◎
生産マネージメント,,生産計画,リスク管理計画の策定,リスクの発生確率や影響範囲をマッピングする。,,211,2024/4/8,2024/4/8,,,,,,,◎,◎,◎,,,,◎,◎
生産マネージメント,,生産計画,リスク管理計画の策定,リスクの影響度を計り、対応の優先順位を決定し、対応策を立案する,,212,2024/4/8,2024/4/8,,,,,,,◎,◎,◎,,,,◎,◎
生産マネージメント,,生産計画,リスク管理計画の策定,リスク発生の予防策を計画する,,213,2024/4/8,2024/4/8,,,,,,,◎,◎,◎,,,,◎,◎
生産マネージメント,,生産計画,リスク管理計画の策定,リスクの対応計画を策定する,,214,2024/4/8,2024/4/8,,,,,,,◎,◎,◎,,,,◎,◎
生産マネージメント,,生産計画,リスク管理計画の策定,リスク発生を監視、追跡し、コントロールするための管理表を作成する,,215,2024/4/8,2024/4/8,,,,,,,◎,◎,◎,,,,◎,◎
生産マネージメント,,実行管理,実行管理,生産工程が計画通りに推移するようコントロールする,,216,2024/4/8,2024/4/8,,,,,,,◎,◎,◎,,,,◎,◎
生産マネージメント,,実行管理,実行管理,計画と実施の差異に対して、必要な是正策を実施する,,217,2024/4/8,2024/4/8,,,,,,,◎,◎,◎,,,,◎,◎
生産マネージメント,,実行管理,実行管理,計画の変更が承認された場合、変更を確実に実施し、その効果を追跡する,,218,2024/4/8,2024/4/8,,,,,,,◎,◎,◎,,,,◎,◎
生産マネージメント,,実行管理,知識管理,関係者のスキル、経験、専門知識の共有を行う,,219,2024/4/8,2024/4/8,,,,,,,◎,◎,◎,,,,◎,◎
生産マネージメント,,実行管理,知識管理,情報管理ツールの使い方を理解し、生産情報の見える化・共有化を進める。,,220,2024/4/8,2024/4/8,,,,,,,◎,◎,◎,,,,◎,◎
生産マネージメント,,実行管理,知識管理,生産技術や農業資材に関する知識を共有する機会の創出、資料作成を通じ、関係者のレベルアップを促進する。,,221,2024/4/8,2024/4/8,,,,,,,◎,◎,◎,,,,◎,◎
生産マネージメント,,実行管理,問題管理,生産工程中のすべての問題を識別し、適切な情報を収集して分析する,,222,2024/4/8,2024/4/8,,,,,,,◎,◎,◎,,,,◎,◎
生産マネージメント,,実行管理,問題管理,問題の重要性を識別し、影響を推定する,,223,2024/4/8,2024/4/8,,,,,,,◎,◎,◎,,,,◎,◎
生産マネージメント,,実行管理,問題管理,発生した問題に対して、必要に応じて対策を講じる,,224,2024/4/8,2024/4/8,,,,,,,◎,◎,◎,,,,◎,◎
生産マネージメント,,実行管理,問題管理,大きな問題は変更管理の対象として処理する,,225,2024/4/8,2024/4/8,,,,,,,◎,◎,◎,,,,◎,◎
生産マネージメント,,実行管理,問題管理,発生した問題に類似する他の問題の潜在性を検証する,,226,2024/4/8,2024/4/8,,,,,,,◎,◎,◎,,,,◎,◎
生産マネージメント,,実行管理,状況の報告,成果物、進行状況、組織活動、生産工程管理の結果を文書化し、報告する,,227,2024/4/8,2024/4/8,,,,,,◎,◎,◎,◎,,,,◎,◎
生産マネージメント,,実行管理,状況の報告,問題の発生とその対応結果を文書化し、報告する,,228,2024/4/8,2024/4/8,,,,,,◎,◎,◎,◎,,,,◎,◎
生産マネージメント,,実行管理,状況の報告,承認された変更管理の実施状況およびその結果を文書化し、報告する,,229,2024/4/8,2024/4/8,,,,,,◎,◎,◎,◎,,,,◎,◎
生産マネージメント,,実行管理,進捗管理,最優先で管理すべき作業工程を把握する,,230,2024/4/8,2024/4/8,,,,,,,◎,◎,◎,,,,◎,◎
生産マネージメント,,実行管理,進捗管理,マイルストーンにおける目標達成状況を確認する,,231,2024/4/8,2024/4/8,,,,,,,◎,◎,◎,,,,◎,◎
生産マネージメント,,実行管理,進捗管理,進捗遅延に対する対策を講じる,,232,2024/4/8,2024/4/8,,,,,,,◎,◎,◎,,,,◎,◎
生産マネージメント,,実行管理,進捗管理,生産工程全体の進捗に大きな影響を与える遅延に対しては、スケジュール変更を計画し、承認を受けて実施する,,233,2024/4/8,2024/4/8,,,,,,,◎,◎,◎,,,,◎,◎
生産マネージメント,,実行管理,資源管理,農薬、肥料などの資材を計画通りに投入し、生産する,,234,2024/4/8,2024/4/8,,,,,,,◎,◎,◎,,,,◎,◎
生産マネージメント,,実行管理,資源管理,農薬、肥料などの資材の過不足が識別された場合、対応策を講じる,,235,2024/4/8,2024/4/8,,,,,,,◎,◎,◎,,,,◎,◎
生産マネージメント,,実行管理,資源管理,生産工程全体の進捗に大きな影響を与える農薬、肥料などの資材の不足に対しては、資材変更を計画し、承認を受けて実施する,,236,2024/4/8,2024/4/8,,,,,,,◎,◎,◎,,,,◎,◎
生産マネージメント,,実行管理,組織要員管理,作業員・作業チームにおける効率性、負荷バランス、技術水準、協調体制、意思疎通および生産工程管理方式等に関する評価を行う,,237,2024/4/8,2024/4/8,,,,,,,◎,◎,◎,,,,◎,◎
生産マネージメント,,実行管理,組織要員管理,各作業チームの人員に過不足がないかを監視し、過不足が生じた場合は、調達、配置転換等の対応を立案する,,238,2024/4/8,2024/4/8,,,,,,,◎,◎,◎,,,,◎,◎
生産マネージメント,,実行管理,組織要員管理,作業員・作業チームが役割と責任を果たし、業務を遂行するための施策を講じる,,239,2024/4/8,2024/4/8,,,,,,,◎,◎,◎,,,,◎,◎
生産マネージメント,,実行管理,調達管理,外部調達選定基準に照らして最適な外部委託先を選定する,,240,2024/4/8,2024/4/8,,,,,,,◎,◎,◎,,,,◎,◎
生産マネージメント,,実行管理,調達管理,契約交渉段階で、生産計画に適合する条件協議を行う,,241,2024/4/8,2024/4/8,,,,,,,◎,◎,◎,,,,◎,◎
生産マネージメント,,実行管理,調達管理,計画未達の場合、委託企業から解決策提案を受け、その妥当性と実現性を審査し、実行させる,,242,2024/4/8,2024/4/8,,,,,,,◎,◎,◎,,,,◎,◎
生産マネージメント,,実行管理,調達管理,契約範囲外の作業に関して、契約変更を計画し、承認を受け実施する,,243,2024/4/8,2024/4/8,,,,,,,◎,◎,◎,,,,◎,◎
生産マネージメント,,実行管理,費用管理,支払いを計画通りに実施する,,244,2024/4/8,2024/4/8,,,,,,,◎,◎,◎,,,,◎,◎
生産マネージメント,,実行管理,費用管理,費用超過が識別された場合、対応策を講じる,,245,2024/4/8,2024/4/8,,,,,,,◎,◎,◎,,,,◎,◎
生産マネージメント,,実行管理,費用管理,生産工程全体に大きな影響を与える費用超過に対しては、費用変更を計画し、承認を受けて実施する,,246,2024/4/8,2024/4/8,,,,,,,◎,◎,◎,,,,◎,◎
生産マネージメント,,実行管理,品質管理,定められた手順に沿って、品質管理を実施する,,247,2024/4/8,2024/4/8,,,,,,,◎,◎,◎,,,,◎,◎
生産マネージメント,,実行管理,品質管理,品質基準に満たない事象が識別された場合、対応策を講じる,,248,2024/4/8,2024/4/8,,,,,,,◎,◎,◎,,,,◎,◎
生産マネージメント,,実行管理,品質管理,生産工程全体の品質に大きな影響が予測される場合、品質保証計画を変更し、承認を受けて実施する,,249,2024/4/8,2024/4/8,,,,,,,◎,◎,◎,,,,◎,◎
生産マネージメント,,実行管理,品質管理,品質保証計画の変更に伴う改善状況を確認する,,250,2024/4/8,2024/4/8,,,,,,,◎,◎,◎,,,,◎,◎
生産マネージメント,,実行管理,リスク管理,リスク管理対象のすべての要素に対して監視する,,251,2024/4/8,2024/4/8,,,,,,,◎,◎,◎,,,,◎,◎
生産マネージメント,,実行管理,リスク管理,計画されたすべてのリスク予防策を実施し、その効果を確認する,,252,2024/4/8,2024/4/8,,,,,,,◎,◎,◎,,,,◎,◎
生産マネージメント,,実行管理,リスク管理,新たに識別したリスクへの予防策、発生時対応計画を策定し、実施する,,253,2024/4/8,2024/4/8,,,,,,,◎,◎,◎,,,,◎,◎
生産マネージメント,,実行管理,リスク管理,リスクの発生に伴い、対応計画を実行して結果を評価する,,254,2024/4/8,2024/4/8,,,,,,,◎,◎,◎,,,,◎,◎
生産マネージメント,,実行管理,リスク管理,リスク発生に伴うすべての事項を文書化する,,255,2024/4/8,2024/4/8,,,,,,,◎,◎,◎,,,,◎,◎
生産マネージメント,,実行管理,コミュニケーション管理,生産工程の情報の収集と報告を生産計画通りに実施させる,,256,2024/4/8,2024/4/8,,,,,,,◎,◎,◎,,,,◎,◎
生産マネージメント,,実行管理,コミュニケーション管理,会議体の設定を計画通りに実行させる,,257,2024/4/8,2024/4/8,,,,,,,◎,◎,◎,,,,◎,◎
生産マネージメント,,実行管理,コミュニケーション管理,コミュニケーションの過不足が認識された場合、対応策を講じる,,258,2024/4/8,2024/4/8,,,,,,,◎,◎,◎,,,,◎,◎
生産マネージメント,,実行管理,コミュニケーション管理,生産工程全体の進捗に大きな影響を与えるコミュニケーション不足については、コミュニケーション計画を変更し、承認を受けて実施する,,259,2024/4/8,2024/4/8,,,,,,,◎,◎,◎,,,,◎,◎
生産マネージメント,,実行管理,変更管理,起案されたすべての変更要求を受け付け、保存（データベース化）する,,260,2024/4/8,2024/4/8,,,,,,,◎,◎,◎,,,,◎,◎
生産マネージメント,,実行管理,変更管理,変更要求に関連する付帯的な情報を収集し、変更要求を把握する,,261,2024/4/8,2024/4/8,,,,,,,◎,◎,◎,,,,◎,◎
生産マネージメント,,実行管理,変更管理,変更要求に対する分析と評価を行い、その対応方針を定める,,262,2024/4/8,2024/4/8,,,,,,,◎,◎,◎,,,,◎,◎
生産マネージメント,,実行管理,変更管理,変更による、範囲、スケジュール、費用等への影響を推定する,,263,2024/4/8,2024/4/8,,,,,,,◎,◎,◎,,,,◎,◎
生産マネージメント,,実行管理,変更管理,変更要求と対応策について、関係者と基準に照らして評価し、承認する,,264,2024/4/8,2024/4/8,,,,,,,◎,◎,◎,,,,◎,◎
生産マネージメント,,実行管理,変更管理,変更実施を直接的な関わりを持つ、もしくはその影響を受けるすべての関係者に伝達する,,265,2024/4/8,2024/4/8,,,,,,,◎,◎,◎,,,,◎,◎
生産マネージメント,,完了処理,完了報告,生産工程全体の実行要約を文書化する,,266,2024/4/8,2024/4/8,,,,,,,◎,◎,◎,,,,◎,◎
生産マネージメント,,完了処理,完了報告,初期計画と完了時の差異発生の原因を文書化する,,267,2024/4/8,2024/4/8,,,,,,,◎,◎,◎,,,,◎,◎
生産マネージメント,,完了処理,完了報告,実施した変更の効果を文書化する,,268,2024/4/8,2024/4/8,,,,,,,◎,◎,◎,,,,◎,◎
生産マネージメント,,完了処理,完了報告,すべての成果物（生産の過程で作成したアウトプット）を管理者に引き渡し、承認を得る,,269,2024/4/8,2024/4/8,,,,,,,◎,◎,◎,,,,◎,◎
生産マネージメント,,完了処理,完了報告,完了状況を関係者に報告する,,270,2024/4/8,2024/4/8,,,,,,,◎,◎,◎,,,,◎,◎
生産マネージメント,,完了処理,完了評価,生産工程完了後、生産工程中に発生した事象や重要なポイント・結果等を整理し、文書化する,,271,2024/4/8,2024/4/8,,,,,,,◎,◎,◎,,,,◎,◎
生産マネージメント,,完了処理,完了評価,生産計画、実行過程、管理方法、成果（ノウハウ、知識、経験等）等に関する評価を行う,,272,2024/4/8,2024/4/8,,,,,,,◎,◎,◎,,,,◎,◎
生産マネージメント,,完了処理,完了評価,実績情報の収集、整理をし、分析し、分析結果を情報共有する,,273,2024/4/8,2024/4/8,,,,,,,◎,◎,◎,,,,◎,◎
生産マネージメント,,個別の品質マネジメント,品質分析・評価のマネジメント,評価対象、評価スケジュール、評価者を定めた品質評価計画を策定する,,274,2024/4/8,2024/4/8,,,,,,,◎,◎,◎,,,,◎,◎
生産マネージメント,,個別の品質マネジメント,品質分析・評価のマネジメント,品質に関するニーズを品質要求定義として、品質特性、副特性を用いて品質目標、測定基準、測定手法を定める,,275,2024/4/8,2024/4/8,,,,,,,◎,◎,◎,,,,◎,◎
生産マネージメント,,個別の品質マネジメント,品質分析・評価のマネジメント,主要な生産工程の成果データを取得し、品質目標と比較して分析、評価する,,276,2024/4/8,2024/4/8,,,,,,,◎,◎,◎,,,,◎,◎
生産マネージメント,,個別の品質マネジメント,品質分析・評価のマネジメント,評価結果を総合し、農産物の全体品質を評価する,,277,2024/4/8,2024/4/8,,,,,,,◎,◎,◎,,,,◎,◎
生産マネージメント,,個別の品質マネジメント,品質分析・評価のマネジメント,評価データ、分析・評価結果に基づいて品質や生産工程の弱点を探り、改善事項として整理する,,278,2024/4/8,2024/4/8,,,,,,,◎,◎,◎,,,,◎,◎
圃場管理,,圃場管理,記録・管理,圃場台帳の記録・記録管理を行う。,,279,2024/4/8,2024/4/8,,,,,,◎,◎,◎,◎,,,,◎,◎
圃場管理,,圃場管理,記録・管理,圃場の位置の確認。,,280,2024/4/8,2024/4/8,,,,,,◎,◎,◎,◎,,,,◎,◎
圃場管理,,水利権管理,水利利用ルール,灌水施設を使用する際のルールを把握している,,281,2024/4/8,2024/4/8,,,,,,,,◎,,,,,◎,◎
経営戦略,,年度実績の振り返り,年度実績の振り返り,その年度の実績を振り返り、分析した結果を次年度計画に反映させる,,282,2024/4/8,2024/4/8,,,,,,◎,◎,◎,◎,◎,◎,◎,◎,◎
教育,,研修の企画,前提条件、制約事項の把握,研修対象者の職務や役割、職歴を考慮した研修の設計をする,,283,2024/4/8,2024/4/8,,,,,,,,◎,◎,,,,◎,◎
教育,,研修の企画,現状分析,担当する研修の目的と方針を把握する,,284,2024/4/8,2024/4/8,,,,,,,,◎,◎,,,,◎,◎
教育,,研修の実施,研修の開催（オープニング）,担当する研修の教材を準備し、講義計画を組み立てたうえで実施する。,,285,2024/4/8,2024/4/8,,,,,,,,◎,◎,,,,◎,◎
独立起業準備,,ライフプランニング,人生設計,自己のライフプラン（人生設計）を作成する,仮説や実績から顧客ニーズを設定し、ニーズを満たす商品とサービスの組み合わせを考える,286,2024/4/8,2024/4/8,,,,,,◎,◎,◎,◎,,,,◎,◎
独立起業準備,,ライフプランニング,自己分析、自己管理,自己の人生設計の分析をする,,287,2024/4/8,2024/4/8,,,,,,◎,◎,◎,◎,,,,◎,◎
独立起業準備,,ライフプランニング,基礎知識の習得,自分自身の思いや考えを整理し、表現する,顧客の経営ビジョンや戦略、業務内容や購買方法を聞き出して整理する,288,2024/4/8,2024/4/8,,,,,,◎,◎,◎,◎,,,,◎,◎
独立起業準備,,ライフプランニング,基礎知識の習得,自分自身がすべきことが明確になっており、優先順位をつけている,,289,2024/4/8,2024/4/8,,,,,,◎,◎,◎,◎,,,,◎,◎
独立起業準備,,ライフプランニング,基礎知識の習得,事業計画を策定するための基礎知識がある,打ち合わせ前に提案資料を作成し、打ち合わせ内容も資料（議事録、質問表等）に整理する,290,2024/4/8,2024/4/8,,,,,,◎,◎,◎,◎,,,,◎,◎
独立起業準備,,ライフプランニング,基礎知識の習得,経済、金融などに関する基礎知識がある,,291,2024/4/8,2024/4/8,,,,,,◎,◎,◎,◎,,,,◎,◎
独立起業準備,,ライフプランニング,基礎知識の習得,財務、会計などに関する基礎知識がある,,292,2024/4/8,2024/4/8,,,,,,◎,◎,◎,◎,,,,◎,◎
独立起業準備,,ライフプランニング,基礎知識の習得,起業する業界の構造、動向、課題、未来予測などに関する基礎知識がある,,293,2024/4/8,2024/4/8,,,,,,◎,◎,◎,◎,,,,◎,◎
独立起業準備,,ライフプランニング,基礎知識の習得,事業の仕組み（営業・販売・代金回収など）、収益の構造などの基礎知識がある,,294,2024/4/8,2024/4/8,,,,,,◎,◎,◎,◎,,,,◎,◎
独立起業準備,,ライフプランニング,基礎知識の習得,事業にともなう事務（経理、労務等の書類作成、各種届出など）の基礎知識がある,,295,2024/4/8,2024/4/8,,,,,,◎,◎,◎,◎,,,,◎,◎
事業戦略策定,,事業環境の分析,経営方針の確認,自社の基本理念・ビジョン・方針を理解する,,296,2024/4/8,2024/4/8,,,,,,,,◎,◎,,,,◎,◎
事業戦略策定,,事業環境の分析,経営方針の確認,新たな事業計画を立案するにあたり、経営方針や経営陣の思いを確認、共有する,,297,2024/4/8,2024/4/8,,,,,,,,◎,◎,,,,◎,◎
事業戦略策定,,事業環境の分析,内部環境の分析,自社の組織体制、現状人員数、配置状況を把握する,,298,2024/4/8,2024/4/8,,,,,,,,◎,◎,,,,◎,◎
事業戦略策定,,事業環境の分析,内部環境の分析,自社の収益性、安全性、生産性等の財務状況を把握する,,299,2024/4/8,2024/4/8,,,,,,,,◎,◎,,,,◎,◎
事業戦略策定,,事業環境の分析,内部環境の分析,自社の製品（農産物）の売上高、利益率、ライフサイクル上のポジションを把握する,,300,2024/4/8,2024/4/8,,,,,,,,◎,◎,,,,◎,◎
事業戦略策定,,事業環境の分析,内部環境の分析,調達、生産、物流等の自社業務の一連の流れを把握する,,301,2024/4/8,2024/4/8,,,,,,,,◎,◎,,,,◎,◎
事業戦略策定,,事業環境の分析,内部環境の分析,事業管理のために必要な情報が自社内のどこに、誰によって、どのように管理されているか把握する,,302,2024/4/8,2024/4/8,,,,,,,,◎,◎,,,,◎,◎
事業戦略策定,,事業戦略の策定,基本構想の策定,事業環境分析の結果をもとに、自社の強み･弱み、市場の機会・脅威を整理し、分析する,,303,2024/4/8,2024/4/8,,,,,,,,◎,◎,,,,◎,◎
事業戦略策定,,事業戦略の策定,アクションプランの策定,事業戦略指針に即した具体的なアクション（施策）を洗い出す,,304,2024/4/8,2024/4/8,,,,,,,,◎,◎,,,,◎,◎
事業戦略策定,,事業戦略の策定,アクションプランの策定,アクション（施策）の実施スケジュールを策定する,,305,2024/4/8,2024/4/8,,,,,,,,◎,◎,,,,◎,◎
事業戦略策定,,事業戦略の策定,アクションプランの策定,アクションプランの実現性や実効性を検証する,,306,2024/4/8,2024/4/8,,,,,,,,◎,◎,,,,◎,◎
事業戦略策定,,事業戦略の策定,売上計画の策定,過去の年、月毎の売上実績を確認する,,307,2024/4/8,2024/4/8,,,,,,,,◎,◎,,,,◎,◎
事業戦略策定,,事業戦略の策定,売上計画の策定,自社が該当する市場の動向（他社の動向、環境等の影響）を確認する,,308,2024/4/8,2024/4/8,,,,,,,,◎,◎,,,,◎,◎
事業戦略策定,,事業戦略の策定,売上計画の策定,過去のトレンド、市場の動向、自社がとる施策（販促活動等）を考慮して売上計画を策定する,,309,2024/4/8,2024/4/8,,,,,,,,◎,◎,,,,◎,◎
事業戦略策定,,事業戦略の策定,売上計画の策定,自社がとる施策（販促活動等）の市場への効果、影響を予測し、計画の妥当性を判断する,,310,2024/4/8,2024/4/8,,,,,,,,◎,◎,,,,◎,◎
事業戦略策定,,事業戦略の策定,売上計画の策定,決算期にあわせて実施施策（販売施策、実行計画等）に対する売上予測を立てる,,311,2024/4/8,2024/4/8,,,,,,,,◎,◎,,,,◎,◎
事業戦略策定,,事業戦略の策定,費用計画の策定,農産物を作るために必要な費用を洗い出し、積算する（製造原価）,,312,2024/4/8,2024/4/8,,,,,,,,◎,◎,,,,◎,◎
事業戦略策定,,事業戦略の策定,費用計画の策定,農産物を販売するために必要な人員、経費等を洗い出し、積算する（販管費）,,313,2024/4/8,2024/4/8,,,,,,,,◎,◎,,,,◎,◎
事業戦略策定,,事業戦略の策定,費用計画の策定,決算期にあわせて、実施施策（販売施策、実行計画等）に対する費用予測を立てる,,314,2024/4/8,2024/4/8,,,,,,,,◎,◎,,,,◎,◎
事業戦略策定,,事業戦略の策定,利益計画の策定,売上、原価、販売管理費等の計画に基づき、利益計画を策定する,,315,2024/4/8,2024/4/8,,,,,,,,◎,◎,,,,◎,◎
事業戦略策定,,事業戦略の策定,利益計画の策定,現状と将来の利益構造に基づき損益分岐点グラフを作成し、損益の変化を可視化する,,316,2024/4/8,2024/4/8,,,,,,,,◎,◎,,,,◎,◎
事業戦略策定,,事業戦略の策定,利益計画の策定,損益分岐点を把握し、目標利益を設定する,,317,2024/4/8,2024/4/8,,,,,,,,◎,◎,,,,◎,◎
事業戦略策定,,事業戦略の策定,資金計画の策定,売上、行動、費用、利益等の計画を鑑み、資金調達の必要性を検討し、返済計画を織り込んだ資金繰り表を作成する,,318,2024/4/8,2024/4/8,,,,,,,,◎,◎,,,,◎,◎
事業戦略策定,,事業戦略の策定,資金計画の策定,資金調達を阻害する外的要因を把握し、リスクを洗い出す,,319,2024/4/8,2024/4/8,,,,,,,,◎,◎,,,,◎,◎
事業戦略策定,,事業戦略実行体制の確立,実現可能性の検証,売上、費用、利益等の数値計画と販売施策、実行計画等の実施施策との整合性を確認する,,320,2024/4/8,2024/4/8,,,,,,,,◎,◎,,,,◎,◎
事業戦略策定,,事業戦略実行体制の確立,実現可能性の検証,事業のあるべき姿と現実とのギャップを確認する,,321,2024/4/8,2024/4/8,,,,,,,,◎,◎,,,,◎,◎
事業戦略策定,,事業戦略実行体制の確立,実現可能性の検証,現状と照らし合わせた事業計画の実現性を確認する,,322,2024/4/8,2024/4/8,,,,,,,,◎,◎,,,,◎,◎
事業戦略策定,,事業戦略実行体制の確立,実現可能性の検証,計画と実際に乖離が生じた場合の実施可能な対応策が立てられていることを確認する,,323,2024/4/8,2024/4/8,,,,,,,,◎,◎,,,,◎,◎
事業戦略策定,,事業戦略実行体制の確立,実施準備,実行計画を部門、職位（ポジション）、職務（役割）毎に整理する,,324,2024/4/8,2024/4/8,,,,,,,,◎,◎,,,,◎,◎
事業戦略策定,,事業戦略実行体制の確立,実施準備,部門・職位（ポジション）・職務（役割）別に目標を必達目標とチャレンジ目標に分けて設定する,,325,2024/4/8,2024/4/8,,,,,,,,◎,◎,,,,◎,◎
事業戦略策定,,事業戦略実行体制の確立,実施準備,全社、部門、チーム毎の目標を定期的にチェックするタイミングを明らかにする,,326,2024/4/8,2024/4/8,,,,,,,,◎,◎,,,,◎,◎
事業戦略策定,,事業戦略実行体制の確立,実施準備,事業計画の遂行を管理する体制を構築する,,327,2024/4/8,2024/4/8,,,,,,,,◎,◎,,,,◎,◎
事業戦略策定,,事業戦略実行体制の確立,実施準備,情報の共有とチェックの方法を明らかにする,,328,2024/4/8,2024/4/8,,,,,,,,◎,◎,,,,◎,◎
マーケティング・セールス,,顧客満足度管理,顧客満足度の調査と分析,提供した農産物の満足度の調査を企画し、推進する,,329,2024/4/8,2024/4/8,,,,,,,,,,◎,◎,,◎,◎
マーケティング・セールス,,顧客満足度管理,クレーム・障害時の対応,顧客のクレームは十分に誠意を持って聞くとともに、上司および関係者に報告し、迅速に一次対応する,,330,2024/4/8,2024/4/8,,,,,,,,,,◎,◎,,◎,◎
マーケティング・セールス,,顧客満足度管理,クレーム・障害時の対応,クレームの内容を正確に把握し、整理する,,331,2024/4/8,2024/4/8,,,,,,,,,,◎,◎,,◎,◎
マーケティング・セールス,,顧客満足度管理,クレーム・障害時の対応,問題が発生した場合、内容を聞き出し整理する,,332,2024/4/8,2024/4/8,,,,,,,,,,◎,◎,,◎,◎
マーケティング・セールス,,顧客満足度管理,クレーム・障害時の対応,顧客の緊急度、影響度を考慮し、対応措置を考える,,333,2024/4/8,2024/4/8,,,,,,,,,,◎,◎,,◎,◎
マーケティング・セールス,,顧客満足度管理,クレーム・障害時の対応,発生した問題内容の解決案を関係者と考える,,334,2024/4/8,2024/4/8,,,,,,,,,,◎,◎,,◎,◎
マーケティング・セールス,,顧客満足度管理,クレーム・障害時の対応（報告）,お詫び（経緯、原因、対策等）の文章を作成する,,335,2024/4/8,2024/4/8,,,,,,,,,,◎,◎,,◎,◎
マーケティング・セールス,,顧客満足度管理,クレーム・障害時の対応（報告）,顧客に適宜状況報告と対応措置を説明する,,336,2024/4/8,2024/4/8,,,,,,,,,,◎,,,◎,◎
マーケティング・セールス,,顧客満足度管理,クレーム・障害時の対応（報告）,解決案を顧客に説明し、理解を得て対応する,,337,2024/4/8,2024/4/8,,,,,,,,,,◎,,,◎,◎
営業業務,,要求（構想）の確認,経営要求の確認,自社の経営方針、中長期および短期の企業目標を把握する,,338,2024/4/8,2024/4/8,,,,,,,,,,◎,◎,,◎,◎
営業業務,,要求（構想）の確認,経営環境の調査・分析と課題の抽出,自社および外部の事業環境の情報を収集し、課題の分析と抽出をする。,,339,2024/4/8,2024/4/8,,,,,,,,,,◎,,,◎,◎
営業業務,,新ビジネスモデルへの提言,業界動向の調査・分析,業界動向（相場、競合、需要等）の情報を収集し分析したうえで、今後の事業計画を立案する。,,340,2024/4/8,2024/4/8,,,,,,,,,,◎,,,◎,◎
営業業務,,事業戦略の実現シナリオへの提言,実現可能性の確認,立案した事業計画を実現するための販売計画を作成する。,,341,2024/4/8,2024/4/8,,,,,,,,,,◎,,,◎,◎
営業業務,,事業戦略の実現シナリオへの提言,全社戦略の展開における活動・成果指標の設定,事業計画の実現度合や実施状況を把握するための指標を設定する,,342,2024/4/8,2024/4/8,,,,,,,,,,◎,,,◎,◎
営業業務,,事業戦略の実現シナリオへの提言,課題とリスクの洗い出し,自社および外部の現状や動向を踏まえて、販売計画に対する様々な課題やリスクを洗い出す,,343,2024/4/8,2024/4/8,,,,,,,,,,◎,,,◎,◎
営業業務,,事業戦略の実現シナリオへの提言,超概算予算の算出,販売計画を遂行するために必要な作業やリソースを洗い出し、概算費用を算出する,,344,2024/4/8,2024/4/8,,,,,,,,,,◎,,,◎,◎
営業業務,,市場動向の調査・分析・予測,市場機会の発見と選択,取引市場のニーズ、購買決定プロセス、購買決定者等を分析、把握する,,345,2024/4/8,2024/4/8,,,,,,,,,,◎,,,◎,◎
営業業務,,製品・サービス戦略の策定,ビジネス機会の分析,市場や競合他社の状況を分析し、新規提案先を見つけ出す,,346,2024/4/8,2024/4/8,,,,,,,,,,◎,,,◎,◎
営業業務,,製品・サービス戦略の策定,新規製品・サービスの企画,市場価格や販売計画をもとに新規顧客に提案する内容を決定する,,347,2024/4/8,2024/4/8,,,,,,,,,,◎,,,◎,◎
営業業務,,製品・サービス戦略の策定,既存製品・サービスのロードマップ更新,自社商品の価値を高めるための要件（新規提案や改善策）を洗い出し、優先順位をつけて取り組む,,348,2024/4/8,2024/4/8,,,,,,,,,,◎,,,◎,◎
営業業務,,製品・サービス戦略の策定,販売実績に基づく評価,商品毎の販売目標（売上、利益、マーケットシェア等）に対する実績を収集して評価する,,349,2024/4/8,2024/4/8,,,,,,,,,,◎,◎,,◎,◎
営業業務,,販売戦略の策定,ソリューションモデルの開発,仮説や実績から顧客ニーズを設定し、ニーズを満たす商品とサービスの組み合わせを考える,,350,2024/4/8,2024/4/8,,,,,,,,,,◎,,,◎,◎
営業業務,,販売戦略の策定,製品・サービス導入事例の作成,顧客からの評価をとりまとめて社内外に発信する,,351,2024/4/8,2024/4/8,,,,,,,,,,◎,◎,,◎,◎
営業業務,,アカウント戦略の策定,顧客状況の把握,顧客の経営ビジョンや戦略、業務内容や購買方法を聞き出して整理する,,352,2024/4/8,2024/4/8,,,,,,,,,,◎,,,◎,◎
営業業務,,アカウント戦略の策定,顧客状況の資料化,打ち合わせ前に提案資料を作成し、打ち合わせ内容も資料（議事録、質問表等）に整理する,,353,2024/4/8,2024/4/8,,,,,,,,,,◎,◎,,◎,◎
営業業務,,ソリューションの企画,顧客の状況把握と課題分析,顧客の全体組織構成、意思決定プロセス、ステークホルダを把握する,,354,2024/4/8,2024/4/8,,,,,,,,,,◎,,,◎,◎
営業業務,,ソリューションの企画,顧客の課題とソリューションビジョンの共有,顧客の課題やニーズを整理し、提案書を作成する,,355,2024/4/8,2024/4/8,,,,,,,,,,◎,◎,,◎,◎
営業業務,,ソリューションの企画,現行システムの把握と分析,顧客の現行の取引内容を把握するための調査を行う,,356,2024/4/8,2024/4/8,,,,,,,,,,◎,,,◎,◎
営業業務,,プロモーションの計画と実施,プロモーション戦略の策定,新規顧客獲得のために、自社の知名度（商品やサービスの知名度を含む）を効果的に上げるためのプロモーション施策を立案する,,357,2024/4/8,2024/4/8,,,,,,,,,,◎,◎,,◎,◎
営業業務,,プロモーションの計画と実施,フェア出展,自社商品のフェアへの展示検討（フェアの趣旨や費用対効果等）し、出展する場合は出展に向けての事前準備を行う,,358,2024/4/8,2024/4/8,,,,,,,,,,◎,◎,,◎,◎
営業業務,,プロモーションの計画と実施,プロモーション活動の実施と評価,見込み顧客に対して商品やサービスの価値が正しく伝わるようなプロモーション内容を作成する,,359,2024/4/8,2024/4/8,,,,,,,,,,◎,◎,,◎,◎
営業業務,,商談契機の創出,自社の顧客アピールとアポイント取得,自社の商品の特徴や会社概要を説明し、商談の機会を獲得する,,360,2024/4/8,2024/4/8,,,,,,,,,,◎,,,◎,◎
営業業務,,商談契機の創出,顧客に提供する話題づくり,担当者との業務外の会話をするため、社会情勢や景気動向の変化、業界動向などの情報を収集する,,361,2024/4/8,2024/4/8,,,,,,,,,,◎,,,◎,◎
営業業務,,商品の提案,事前ヒアリング,提案内容を検討するために、顧客の財務状態や経営戦略の概要、競合の情報を収集し分析する,,362,2024/4/8,2024/4/8,,,,,,,,,,◎,,,◎,◎
営業業務,,商品の提案,ネゴシエーション,顧客の購買基準（価格、決定プロセス等）をヒアリングし、基準に適合するように可能な限り調整した上で提案する,,363,2024/4/8,2024/4/8,,,,,,,,,,◎,,,◎,◎
営業業務,,商品の提案,提案（プレゼンテーション）,提案書・見積書について、事前に作成したシナリオをもとに説明する,,364,2024/4/8,2024/4/8,,,,,,,,,,◎,,,◎,◎
営業業務,,商品の提案,提案（デモンストレーションの準備）,顧客の立場で説明シナリオを考える,,365,2024/4/8,2024/4/8,,,,,,,,,,◎,,,◎,◎
営業業務,,商品の提案,提案（デモンストレーション）,社内の人にデモンストレーションを実施し、結果をもとにシナリオを改善する,,366,2024/4/8,2024/4/8,,,,,,,,,,◎,,,◎,◎
営業業務,,商品の提案,最終提案内容の合意と契約締結,合意した提案書・見積書をもとに契約書を作成し、顧客と契約締結する,,367,2024/4/8,2024/4/8,,,,,,,,,,◎,◎,,◎,◎
営業業務,,営業事務,営業案件管理,顧客との商談内容の要点をまとめたレポートまたは議事録を作成し、営業部内で共有し、適宜精査（進捗、課題や受注見込みの確認）を行う,,368,2024/4/8,2024/4/8,,,,,,,,,,◎,◎,,◎,◎
営業業務,,営業事務,営業成績管理,年間・半期・四半期・月次予算と実績との差を把握し、営業活動計画を策定し実施する,,369,2024/4/8,2024/4/8,,,,,,,,,,◎,◎,,◎,◎
営業業務,,営業事務,受注事前業務,新規取引（販売先、仕入先）の場合、社内ルールに従い事務処理を行う,,370,2024/4/8,2024/4/8,,,,,,,,,,◎,◎,,◎,◎
営業業務,,営業事務,受注管理業務,受注、販売、請求、入金確認の各段階において社内ルールに従って事務処理を行う,,371,2024/4/8,2024/4/8,,,,,,,,,,◎,◎,,◎,◎
営業業務,,顧客満足度管理,プロジェクト進捗管理・品質管理,顧客と会話し、商品の品質や納入に問題がないか把握する,,372,2024/4/8,2024/4/8,,,,,,,,,,,,,◎,
営業業務,,顧客満足度管理,クレーム・障害時の対応,顧客のクレームは十分に誠意を持って聞くとともに、クレームの内容を正確に把握し整理する,,373,2024/4/8,2024/4/8,,,,,,,,,,,,,◎,
営業業務,,顧客満足度管理,クレーム・障害時の対応（報告）,顧客の緊急度、影響度を考慮した解決案を関係者と考え、顧客と社内に適宜状況を報告しながら、解決策を実施する,,374,2024/4/8,2024/4/8,,,,,,,,,,,,,◎,◎
営業業務,,契約締結管理,委託／受託業務の内容と責任分担の明確化,委託／受託業務内容および責任分担を契約書、仕様書に明記して委託先と取り交わす,,375,2024/4/8,2024/4/8,,,,,,,,,,◎,◎,,◎,◎
営業業務,,契約締結管理,法的要件を満たした契約内容の作成,必要な特約条項および免責条項や損害賠償条項、機密保持条項を反映した契約書を作成する,,376,2024/4/8,2024/4/8,,,,,,,,,,◎,◎,,◎,◎
営業業務,,契約締結管理,契約の締結,契約上の責任、役割、条件等の契約内容を理解、確認したうえで、問題点があれば交渉を行い、最終的に合意形成を行う,,377,2024/4/8,2024/4/8,,,,,,,,,,◎,◎,,◎,◎
営業業務,,契約変更管理,追加変更発生時の対応,当初契約外として追加、変更される内容を明らかにしたうえで、取りまとめて覚書を締結する,,378,2024/4/8,2024/4/8,,,,,,,,,,◎,◎,,◎,◎
総務・人事・経理,,ガバナンス（総務）＞ファシリティマネジメント,職場環境の向上,良好なオフィス環境を維持するために、オフィス設備の整備やコミュニケーション促進機会を創出する,,379,2024/4/8,2024/4/8,,,,,,,,,,◎,◎,,◎,◎
総務・人事・経理,,ガバナンス（総務）＞庶務,助成金管理,自社に適用可能な補助金・助成金の情報収集、申請書類作成、申請を行う,,380,2024/4/8,2024/4/8,,,,,,,,,,◎,◎,,◎,◎
総務・人事・経理,,ガバナンス（総務）＞危機管理,災害対応,予測される災害リスク（地震、火災、水害等）に対する対応策や行動手順の作成を行う,,381,2024/4/8,2024/4/8,,,,,,,,,,◎,◎,,◎,◎
総務・人事・経理,,ガバナンス（総務）＞危機管理,傷害・損害対応,トラブル、紛争の内容や影響に応じて対応策や解決手順の作成を行う,,382,2024/4/8,2024/4/8,,,,,,,,,,◎,◎,,◎,◎
総務・人事・経理,,ガバナンス（総務）＞危機管理,事故対応,農作業事故、交通事故が発生した際の対応策の作成を行う,,383,2024/4/8,2024/4/8,,,,,,,,,,◎,◎,,◎,◎
総務・人事・経理,,ガバナンス（総務）＞危機管理,危機管理対応,緊急事態が発生した際の対応策や対応体制の作成を行う,,384,2024/4/8,2024/4/8,,,,,,,,,,◎,◎,,◎,◎
総務・人事・経理,,ガバナンス（総務）＞安全管理,保険手続対応,自社で加入が必要な保険（自動車保険、火災保険、団体生命保険等）のとりまとめ、手続きを行う,,385,2024/4/8,2024/4/8,,,,,,,,,,◎,◎,,◎,◎
総務・人事・経理,,ガバナンス（総務）＞情報セキュリティ事故対応,インシデント報告受付,社内で発生した事故・事件の報告をとりまとめ、管理する,,386,2024/4/8,2024/4/8,,,,,,,,,,◎,◎,,◎,◎
総務・人事・経理,,資産管理＞資産管理,棚卸資産管理,社内の棚卸資産の把握および決算時に適切な会計処理を行う,,387,2024/4/8,2024/4/8,,,,,,,,,,◎,◎,,◎,◎
総務・人事・経理,,資産管理＞資産管理,固定資産管理,社内の固定資産の把握および決算時に適切な会計処理を行う,,388,2024/4/8,2024/4/8,,,,,,,,,,◎,◎,,◎,◎
総務・人事・経理,,資産管理＞資産管理,リース資産管理,社内のリース資産の把握および決算時に適切な会計処理を行う,,389,2024/4/8,2024/4/8,,,,,,,,,,◎,◎,,◎,◎
総務・人事・経理,,人事＞採用活動,学校への採用活動対応,実施方法、スケジュール、体制、コスト等を考慮したインターンシップの企画を行う,,390,2024/4/8,2024/4/8,,,,,,,,,,,,◎,◎,◎
総務・人事・経理,,人事＞採用活動,採用計画の策定と準備,人員計画に基づき、人材要件、選考方法や基準、スケジュールを考慮した採用の計画を行う,,391,2024/4/8,2024/4/8,,,,,,,,,◎,◎,,◎,◎,◎
総務・人事・経理,,人事＞採用活動,採用活動の実施,採用計画に基づき遅滞なく採用活動を実施する,,392,2024/4/8,2024/4/8,,,,,,,,,◎,◎,,◎,◎,◎
総務・人事・経理,,人事＞採用活動,雇用契約の実施,内定者に対して雇用契約書の内容説明と雇用契約の締結を行う,,393,2024/4/8,2024/4/8,,,,,,,,,◎,◎,,◎,◎,◎
総務・人事・経理,,人事＞人材配置戦略,人員計画の策定,事業計画と現状の社内人材をもとに、今後の人員数や人員配置の計画を作成する,,394,2024/4/8,2024/4/8,,,,,,,,,◎,,,◎,◎,◎
総務・人事・経理,,人事＞人材育成,教育・育成計画の策定,自社の求める人材要件および評価基準をもとに人材育成計画を作成する,,395,2024/4/8,2024/4/8,,,,,,,,,◎,,,◎,◎,◎
総務・人事・経理,,人事＞労務管理,労働処遇運用,従業員が安心して生活を営めるよう福利厚生制度（規程や利用サービス）を整備する,,396,2024/4/8,2024/4/8,,,,,,,,,,,,◎,◎,◎
総務・人事・経理,,人事＞労務管理,給与管理対応,賃金（給与支給額や控除額等）、社会保険（健康保険、厚生年金保険、雇用保険、労災保険）や税金（所得税、住民税）の処理、その他年次処理（賞与、年調、昇給等）について内容を理解し、処理する,,397,2024/4/8,2024/4/8,,,,,,,,,,,,◎,◎,◎
総務・人事・経理,,人事＞労務管理,労使関連対応,労務管理上の各種トラブルが発生した際の対応策や解決手順の作成を行う,,398,2024/4/8,2024/4/8,,,,,,,,,,,,◎,◎,◎
総務・人事・経理,,人事＞労務管理,安全衛生対応,労働安全衛生法の正しい理解のもと、健康教育および健康相談や職場環境改善等を、継続的かつ計画的に企画、実施する,,399,2024/4/8,2024/4/8,,,,,,,,,,,,◎,◎,◎
総務・人事・経理,,リーガル（法務）＞契約書の作成と締結,相手先との契約内容の調整,契約上の責任、役割、条件等の契約内容を理解、確認したうえで、問題点があれば交渉を行い、最終的に合意形成を行う,,400,2024/4/8,2024/4/8,,,,,,◎,◎,,,◎,◎,◎,◎,◎
総務・人事・経理,,外注管理＞外注発注の妥当性確認,外注申請のチェック,社外に発注する内容（発注先、発注内容、発注理由）、発注金額、支払条件について確認する,,401,2024/4/8,2024/4/8,,,,,,◎,◎,,,◎,◎,◎,◎,◎
総務・人事・経理,,物品の購入管理＞購入・支払い管理,発注先選定,物品の取扱い先に見積を依頼し、見積金額、納期、納入条件、支払い条件等を検討し、最適な購入先を選定する,,402,2024/4/8,2024/4/8,,,,,,,,,,◎,◎,,◎,◎
総務・人事・経理,,物品の購入管理＞購入・支払い管理,発注処理,選定した取引先からの物品購入について注文書を作成して送付する,,403,2024/4/8,2024/4/8,,,,,,,,,,◎,◎,,◎,◎
総務・人事・経理,,物品の購入管理＞在庫管理,ソフトウェアライセンス管理,社内で利用しているソフトウェアやシステムのライセンスについて、更新期限や保有ライセンス数と使用ライセンス数の管理を行う,,404,2024/4/8,2024/4/8,,,,,,,,,,◎,◎,,◎,◎
総務・人事・経理,,物品の購入管理＞在庫管理,物品管理,貸出した物品の貸出先、貸出数等を管理し、定期的に棚卸をしたうえで、貸出し期限に達した物品について返却を依頼する,,405,2024/4/8,2024/4/8,,,,,,,,,,◎,◎,,◎,◎
総務・人事・経理,,物品の購入管理＞廃棄処理,機器廃棄処理,廃棄物回収事業者の情報を収集し、適切な業者を選定する,,406,2024/4/8,2024/4/8,,,,,,,,,,◎,◎,,◎,◎
総務・人事・経理,,社内業務監査＞内部監査,監査計画,関係部門と調整して内部監査計画を立案し、監査計画に従って内部監査を実施し、監査記録を作成する,,407,2024/4/8,2024/4/8,,,,,,,,,,◎,◎,,◎,◎
総務・人事・経理,,社内業務監査＞社内業務改善,社内業務改善活動の実施,定期的に社内業務改善検討会議を開催し、検討会議の結果に応じて各種社内規程や業務手順書を修正し、全従業員に周知する,,408,2024/4/8,2024/4/8,,,,,,,,,,◎,◎,,◎,◎
露地栽培,,耕耘,耕起,圃場に適したロータリーを選択する,,409,2024/4/8,2024/4/8,,,,,,,,,,,,,,
露地栽培,,耕耘,機械整備及び器具の手入れ,耕耘作業で使用する機械及び器具の整備点検（オイル交換含む）、アタッチメント等の載せ替えをする,,410,2024/4/8,2024/4/8,,,,,,,,,,,,,,
露地栽培,,施肥,土壌攪拌,土壌攪拌を行う目的を理解する,,411,2024/4/8,2024/4/8,,,,,,,,,,,,,,
露地栽培,,施肥,土壌攪拌,ロータリーを操作する,,412,2024/4/8,2024/4/8,,,,,,,,,,,,,,
露地栽培,,施肥,土壌攪拌,圃場に適したロータリーを選択する,,413,2024/4/8,2024/4/8,,,,,,,,,,,,,,
露地栽培,,マルチ張り,機械整備及び器具の手入れ,マルチ張り作業で使用する機械及び器具の整備点検（オイル交換含む）を行う,,414,2024/4/8,2024/4/8,,,,,,,,,,,,,,
露地栽培,,土寄せ,機械整備及び器具の手入れ,土寄せ作業で使用する機械及び器具の整備点検（オイル交換含む）を行う,,415,2024/4/8,2024/4/8,,,,,,,,,,,,,,
露地栽培,,除草,除草畦畔除草（けいはんじょそう）,草取りにかかる作業量を理解する,,416,2024/4/8,2024/4/8,,,,,,,,,,,,,,
露地栽培,,施肥,機械整備及び器具の手入れ,施肥作業で使用する機械及び器具の整備点検（オイル交換含む）及びアタッチメント等の載せ替えをする,,417,2024/4/8,2024/4/8,,,,,,,,,,,,,,
露地栽培,,定植,機械整備及び器具の手入れ,定植作業で使用する機械及び器具の整備点検（オイル交換含む）を行う,,418,2024/4/8,2024/4/8,,,,,,,,,,,,,,
露地栽培,,除草,機械整備及び器具の手入れ,除草作業で使用する機械及び器具の整備点検（オイル交換含む）を行う,,419,2024/4/8,2024/4/8,,,,,,,,,,,,,,
露地栽培,,防除,機械整備及び器具の手入れ,防除作業で使用する機械及び器具の整備点検（オイル交換含む）を行う,,420,2024/4/8,2024/4/8,,,,,,,,,,,,,,
露地栽培,,追肥,機械整備及び器具の手入れ,追肥作業で使用する機械及び器具の整備点検（オイル交換含む）並びにアタッチメント等の載せ替えをする,,421,2024/4/8,2024/4/8,,,,,,,,,,,,,,
露地栽培,,潅水,スミレイン・レインガン,潅水方法を知っている,,422,2024/4/8,2024/4/8,,,,,,,,,,,,,,
露地栽培,,潅水,スミレイン・レインガン,圃場状態によって潅水必要量（必要時間）を把握する,,423,2024/4/8,2024/4/8,,,,,,,,,,,,,,
露地栽培,,潅水,機械整備及び器具の手入れ,潅水作業で使用する機械及び器具の整備点検（オイル交換含む）を行う,,424,2024/4/8,2024/4/8,,,,,,,,,,,,,,
露地栽培,,収穫,箱詰め,規格を理解する,,425,2024/4/8,2024/4/8,,,,,,,,,,,,,,
露地栽培,,収穫後作業,残渣処理,圃場に適したロータリーを選択する,,426,2024/4/8,2024/4/8,,,,,,,,,,,,,,
露地栽培,,収穫,機械整備及び器具の手入れ,収穫作業で使用する機械、器具の整備をする,,427,2024/4/8,2024/4/8,,,,,,,,,,,,,,
露地栽培,,収穫後作業,機械整備及び器具の手入れ,収穫後作業で使用する機械及び器具の整備点検（オイル交換含む）、アタッチメント等の載せ替えをする,,428,2024/4/8,2024/4/8,,,,,,,,,,,,,,
露地栽培,,育苗,機械整備及び器具の手入れ,育苗作業で使用する機械及び器具の整備点検を行う,,429,2024/4/8,2024/4/8,,,,,,,,,,,,,,
露地栽培,,運搬,機械整備及び器具の手入れ,運搬作業で使用する機械及び車両の整備点検を行う,,430,2024/4/8,2024/4/8,,,,,,,,,,,,,,
露地栽培,,出荷,検品,規格を理解する,,431,2024/4/8,2024/4/8,,,,,,,,,,,,,,
露地栽培,,出荷,検品,瞬時に規格に沿った分荷をする,,432,2024/4/8,2024/4/8,,,,,,,,,,,,,,
露地栽培,,出荷,貯蔵,適切な配置に、フォークリフトにて商品を配置する,,433,2024/4/8,2024/4/8,,,,,,,,,,,,,,
露地栽培,,出荷,機械整備及び器具の手入れ,出荷作業で使用する機械及び車両の整備点検を行う,,434,2024/4/8,2024/4/8,,,,,,,,,,,,,,
